Name,Catches,Run Outs,Dropped Catches,Missed Runouts,Match_Id,Success Rate,,,,,,,,,,,,,,
Suranga Lakmal,1,0,0,0,434258,1,,,,,,,,,,,,,,
Thilan Samaraweera,2,0,0,0,434258,1,,,,,,,,,,,,,,
Nuwan Kulasekara,0,0,1,0,434258,0,,,,,,,,,,,,,,
Kumar Sangakkara,0,1,1,1,434258,0.333333333,,,,,,,,,,,,,,
Chanaka Welegedara,1,0,0,0,434258,1,,,,,,,,,,,,,,
Lahiru Thirimanne,1,0,0,0,434259,1,,,,,,,,,,,,,,
Upul Tharanga,0,0,1,0,434259,0,,,,,,,,,,,,,,
Kumar Sangakkara,2,0,0,0,434259,1,,,,,,,,,,,,,,
Suraj Randiv,0,0,1,0,434259,0,,,,,,,,,,,,,,
Suranga Lakmal,1,0,0,0,434259,1,,,,,,,,,,,,,,
Thilina Kandamby,1,0,0,0,434259,1,,,,,,,,,,,,,,
Thisara Perera,1,0,0,0,434259,1,,,,,,,,,,,,,,
Thilan Thushara,0,1,0,0,434261,1,,,,,,,,,,,,,,
Mahela Jayawardene,0,0,2,0,434261,0,,,,,,,,,,,,,,
Suraj Randiv,1,0,0,0,434261,1,,,,,,,,,,,,,,
Upul Tharanga,1,0,0,0,434261,1,,,,,,,,,,,,,,
Malinga Bandara,1,0,0,0,434261,1,,,,,,,,,,,,,,
Nuwan Kulasekara,0,1,0,1,434261,0.5,,,,,,,,,,,,,,
Kumar Sangakkara,1,1,1,0,434261,0.666666667,,,,,,,,,,,,,,
Tillakaratne Dilshan,0,0,1,0,434262,0,,,,,,,,,,,,,,
Upul Tharanga,0,0,1,0,434262,0,,,,,,,,,,,,,,
Kumar Sangakkara,1,0,0,0,434262,1,,,,,,,,,,,,,,
Chanaka Welegedara,1,0,0,0,434262,1,,,,,,,,,,,,,,
Kumar Sangakkara,3,0,0,0,434264,1,,,,,,,,,,,,,,
Suraj Randiv,0,0,0,1,434264,0,,,,,,,,,,,,,,
Thilan Samaraweera,2,0,0,0,434264,1,,,,,,,,,,,,,,
Jeevan Mendis,1,0,0,0,452147,1,,,,,,,,,,,,,,
Dilhara Fernando,1,0,0,0,452147,1,,,,,,,,,,,,,,
Nuwan Kulasekara,1,0,0,0,452148,1,,,,,,,,,,,,,,
Dinesh Chandimal,2,1,0,0,452148,1,,,,,,,,,,,,,,
Jeevan Mendis,1,0,0,0,452148,1,,,,,,,,,,,,,,
Tillakaratne Dilshan,1,0,0,0,452148,1,,,,,,,,,,,,,,
Thisara Perera,1,1,0,0,452148,1,,,,,,,,,,,,,,
Dilhara Fernando,0,1,0,0,452148,1,,,,,,,,,,,,,,
Thisara Perera,2,0,0,0,452150,1,,,,,,,,,,,,,,
Thilan Samaraweera,0,0,0,1,452150,0,,,,,,,,,,,,,,
Jeevan Mendis,1,0,0,0,452150,1,,,,,,,,,,,,,,
Chamara Kapugedera,2,0,0,0,452150,1,,,,,,,,,,,,,,
Tillakaratne Dilshan,0,1,0,0,452150,1,,,,,,,,,,,,,,
Thilan Thushara,1,0,0,0,452150,1,,,,,,,,,,,,,,
Chamara Kapugedera,0,0,0,1,452151,0,,,,,,,,,,,,,,
Tillakaratne Dilshan,0,0,0,1,452151,0,,,,,,,,,,,,,,
Dinesh Chandimal,1,0,0,1,452151,0.5,,,,,,,,,,,,,,
Dinesh Chandimal,1,1,0,0,452152,1,,,,,,,,,,,,,,
Thilan Samaraweera,1,0,0,0,452152,1,,,,,,,,,,,,,,
Chamara Kapugedera,1,1,0,0,452152,1,,,,,,,,,,,,,,
Angelo Mathews,0,1,0,0,452152,1,,,,,,,,,,,,,,
Tillakaratne Dilshan,2,1,0,0,452152,1,,,,,,,,,,,,,,
Upul Tharanga,1,0,0,0,452152,1,,,,,,,,,,,,,,
Lasith Malinga,1,0,0,1,455231,0.5,,,,,,,,,,,,,,
Farveez Maharoof,0,0,0,1,455231,0,,,,,,,,,,,,,,
Kumar Sangakkara,3,1,0,1,455231,0.8,,,,,,,,,,,,,,
Tillakaratne Dilshan,0,1,0,0,455231,1,,,,,,,,,,,,,,
Muttiah Muralitharan,0,1,0,0,455231,1,,,,,,,,,,,,,,
Angelo Mathews,1,0,0,0,455231,1,,,,,,,,,,,,,,
Kumar Sangakkara,2,2,0,0,455233,1,,,,,,,,,,,,,,
Mahela Jayawardene,1,0,0,0,455233,1,,,,,,,,,,,,,,
Nuwan Kulasekara,1,0,0,0,455233,1,,,,,,,,,,,,,,
Suraj Randiv,1,0,0,0,455236,1,,,,,,,,,,,,,,
Kumar Sangakkara,3,1,0,0,455236,1,,,,,,,,,,,,,,
Mahela Jayawardene,0,1,0,0,455236,1,,,,,,,,,,,,,,
Chamara Kapugedera,0,1,0,0,455236,1,,,,,,,,,,,,,,
Upul Tharanga,0,1,0,0,455237,1,,,,,,,,,,,,,,
Nuwan Kulasekara,1,1,0,0,455237,1,,,,,,,,,,,,,,
Mahela Jayawardene,1,0,0,0,455237,1,,,,,,,,,,,,,,
Kumar Sangakkara,1,0,0,1,455237,0.5,,,,,,,,,,,,,,
Thilina Kandamby,0,0,1,0,455237,0,,,,,,,,,,,,,,
Farveez Maharoof,1,0,1,0,455237,0.5,,,,,,,,,,,,,,
Kumar Sangakkara,1,0,0,0,456664,1,,,,,,,,,,,,,,
Chamara Kapugedera,2,0,0,0,456664,1,,,,,,,,,,,,,,
Thilan Samaraweera,1,0,0,0,456664,1,,,,,,,,,,,,,,
Mahela Jayawardene,1,0,0,0,456664,1,,,,,,,,,,,,,,
Rangana Herath,1,0,0,0,456664,1,,,,,,,,,,,,,,
Angelo Mathews,1,0,0,0,456664,1,,,,,,,,,,,,,,
Tillakaratne Dilshan,1,0,0,0,456664,1,,,,,,,,,,,,,,
Nuwan Kulasekara,1,0,0,0,456663,1,,,,,,,,,,,,,,
Kumar Sangakkara,1,0,0,0,456663,1,,,,,,,,,,,,,,
Upul Tharanga,1,0,0,0,456663,1,,,,,,,,,,,,,,
Kumar Sangakkara,4,0,0,0,456666,1,,,,,,,,,,,,,,
Chamara Silva,1,0,0,0,456666,1,,,,,,,,,,,,,,
Upul Tharanga,1,0,0,0,456666,1,,,,,,,,,,,,,,
Chamara Kapugedera,0,1,0,0,456668,1,,,,,,,,,,,,,,
Kumar Sangakkara,2,1,0,1,456668,0.75,,,,,,,,,,,,,,
Angelo Mathews,1,0,0,0,456668,1,,,,,,,,,,,,,,
Tillakaratne Dilshan,1,0,0,0,456668,1,,,,,,,,,,,,,,
Thisara Perera,1,0,0,0,456668,1,,,,,,,,,,,,,,
Chamara Silva,1,0,0,0,446957,1,,,,,,,,,,,,,,
Tillakaratne Dilshan,1,0,0,0,446957,1,,,,,,,,,,,,,,
Mahela Jayawardene,0,0,2,0,446957,0,,,,,,,,,,,,,,
Kumar Sangakkara,3,0,1,1,446957,0.6,,,,,,,,,,,,,,
Chamara Silva,1,0,0,0,446958,1,,,,,,,,,,,,,,
Muttiah Muralitharan,1,0,0,0,446958,1,,,,,,,,,,,,,,
Angelo Mathews,1,0,1,0,446958,0.5,,,,,,,,,,,,,,
Kumar Sangakkara,0,1,0,0,446958,1,,,,,,,,,,,,,,
Mahela Jayawardene,0,1,0,0,446958,1,,,,,,,,,,,,,,
Suraj Randiv,0,1,0,0,446958,1,,,,,,,,,,,,,,
Thisara Perera,1,0,0,0,446958,1,,,,,,,,,,,,,,
Jeevan Mendis,0,0,1,0,446959,0,,,,,,,,,,,,,,
Angelo Mathews,1,0,0,0,446959,1,,,,,,,,,,,,,,
Dilhara Fernando,1,0,0,0,446959,1,,,,,,,,,,,,,,
Kumar Sangakkara,1,0,0,1,464990,0.5,,,,,,,,,,,,,,
Mahela Jayawardene,0,0,1,0,464990,0,,,,,,,,,,,,,,
Chamara Kapugedera,2,1,0,0,464990,1,,,,,,,,,,,,,,
Muttiah Muralitharan,0,1,0,0,464990,1,,,,,,,,,,,,,,
Thilan Samaraweera,1,0,0,0,464991,1,,,,,,,,,,,,,,
Rangana Herath,0,1,0,0,464991,1,,,,,,,,,,,,,,
Mahela Jayawardene,1,1,0,1,464991,0.666666667,,,,,,,,,,,,,,
Kumar Sangakkara,0,1,0,0,464991,1,,,,,,,,,,,,,,
Kumar Sangakkara,1,0,0,0,464992,1,,,,,,,,,,,,,,
Mahela Jayawardene,1,0,0,0,464992,1,,,,,,,,,,,,,,
Thisara Perera,1,0,0,0,464992,1,,,,,,,,,,,,,,
Ajantha Mendis,1,0,0,0,464992,1,,,,,,,,,,,,,,
Thilan Samaraweera,2,0,0,0,464992,1,,,,,,,,,,,,,,
Angelo Mathews,1,0,0,0,464992,1,,,,,,,,,,,,,,
Tillakaratne Dilshan,1,0,0,0,433560,1,,,,,,,,,,,,,,
Chamara Kapugedera,0,0,1,0,433560,0,,,,,,,,,,,,,,
Muttiah Muralitharan,0,0,1,0,433560,0,,,,,,,,,,,,,,
Kumar Sangakkara,3,1,0,0,433560,1,,,,,,,,,,,,,,
Mahela Jayawardene,1,0,0,0,433560,1,,,,,,,,,,,,,,
Upul Tharanga,1,0,0,0,433560,1,,,,,,,,,,,,,,
Kumar Sangakkara,1,2,0,0,433567,1,,,,,,,,,,,,,,
Mahela Jayawardene,1,1,0,0,433567,1,,,,,,,,,,,,,,
Rangana Herath,0,1,0,0,433567,1,,,,,,,,,,,,,,
Tillakaratne Dilshan,2,0,0,0,433567,1,,,,,,,,,,,,,,
Chamara Kapugedera,1,0,0,0,433567,1,,,,,,,,,,,,,,
Kumar Sangakkara,0,0,0,1,433571,0,,,,,,,,,,,,,,
Thilan Samaraweera,1,0,0,0,433571,1,,,,,,,,,,,,,,
Tillakaratne Dilshan,1,0,0,0,433571,1,,,,,,,,,,,,,,
Chamara Silva,0,1,0,0,433571,1,,,,,,,,,,,,,,
Mahela Jayawardene,2,0,0,0,433583,1,,,,,,,,,,,,,,
Kumar Sangakkara,1,1,0,0,433583,1,,,,,,,,,,,,,,
Thisara Perera,1,0,0,0,433583,1,,,,,,,,,,,,,,
Thilan Samaraweera,1,0,0,0,433583,1,,,,,,,,,,,,,,
Upul Tharanga,0,0,1,0,433594,0,,,,,,,,,,,,,,
Mahela Jayawardene,2,0,0,0,433594,1,,,,,,,,,,,,,,
Kumar Sangakkara,1,1,0,0,433594,1,,,,,,,,,,,,,,
Muttiah Muralitharan,1,0,0,0,433594,1,,,,,,,,,,,,,,
Tillakaratne Dilshan,1,0,0,0,433594,1,,,,,,,,,,,,,,
Thilan Samaraweera,1,0,1,0,433603,0.5,,,,,,,,,,,,,,
Mahela Jayawardene,1,0,0,0,433603,1,,,,,,,,,,,,,,
Angelo Mathews,1,0,0,0,433603,1,,,,,,,,,,,,,,
Kumar Sangakkara,3,0,0,0,433604,1,,,,,,,,,,,,,,
Upul Tharanga,1,0,0,0,433604,1,,,,,,,,,,,,,,
Mahela Jayawardene,1,0,0,0,433604,1,,,,,,,,,,,,,,
Kumar Sangakkara,1,0,0,0,433606,1,,,,,,,,,,,,,,
Tillakaratne Dilshan,1,0,0,0,433606,1,,,,,,,,,,,,,,
Kumar Sangakkara,1,0,0,0,474467,1,,,,,,,,,,,,,,
Suranga Lakmal,1,0,0,0,474467,1,,,,,,,,,,,,,,
Tillakaratne Dilshan,1,0,0,0,474467,1,,,,,,,,,,,,,,
Thilina Kandamby,2,0,0,0,474467,1,,,,,,,,,,,,,,
Angelo Mathews,1,0,0,0,474468,1,,,,,,,,,,,,,,
Nuwan Kulasekara,2,0,0,0,474468,1,,,,,,,,,,,,,,
Lasith Malinga,1,0,0,0,474468,1,,,,,,,,,,,,,,
Kumar Sangakkara,0,2,0,0,474468,1,,,,,,,,,,,,,,
Suranga Lakmal,1,0,0,0,474468,1,,,,,,,,,,,,,,
Dinesh Chandimal,1,0,0,0,474468,1,,,,,,,,,,,,,,
Thilina Kandamby,0,0,1,0,474469,0,,,,,,,,,,,,,,
Mahela Jayawardene,0,0,1,0,474469,0,,,,,,,,,,,,,,
Kumar Sangakkara,0,1,0,0,474469,1,,,,,,,,,,,,,,
Suranga Lakmal,1,0,0,0,474469,1,,,,,,,,,,,,,,
Tillakaratne Dilshan,1,0,0,0,474469,1,,,,,,,,,,,,,,
Suraj Randiv,1,0,0,0,474469,1,,,,,,,,,,,,,,
Nuwan Kulasekara,1,0,0,0,474469,1,,,,,,,,,,,,,,
Kumar Sangakkara,2,2,1,0,474471,0.8,,,,,,,,,,,,,,
Nuwan Kulasekara,1,1,0,0,474471,1,,,,,,,,,,,,,,
Angelo Mathews,1,0,0,0,474471,1,,,,,,,,,,,,,,
Tillakaratne Dilshan,0,1,1,0,474471,0.5,,,,,,,,,,,,,,
Mahela Jayawardene,1,0,0,0,506208,1,,,,,,,,,,,,,,
Dinesh Chandimal,2,0,0,0,506208,1,,,,,,,,,,,,,,
Jeevan Mendis,1,0,0,0,506208,1,,,,,,,,,,,,,,
Suranga Lakmal,0,0,1,0,516206,0,,,,,,,,,,,,,,
Mahela Jayawardene,1,0,0,0,516206,1,,,,,,,,,,,,,,
Kumar Sangakkara,1,0,1,0,516207,0.5,,,,,,,,,,,,,,
Mahela Jayawardene,2,0,0,0,516208,1,,,,,,,,,,,,,,
Shaminda Eranga,1,0,1,0,516208,0.5,,,,,,,,,,,,,,
Tillakaratne Dilshan,0,0,1,0,516208,0,,,,,,,,,,,,,,
Suraj Randiv,1,0,0,0,516208,1,,,,,,,,,,,,,,
Nuwan Kulasekara,0,1,0,0,516208,1,,,,,,,,,,,,,,
Dinesh Chandimal,1,0,0,0,516208,1,,,,,,,,,,,,,,
Mahela Jayawardene,0,0,1,0,516209,0,,,,,,,,,,,,,,
Chamara Silva,0,0,1,0,516209,0,,,,,,,,,,,,,,
Ajantha Mendis,1,0,0,0,516209,1,,,,,,,,,,,,,,
Kumar Sangakkara,2,0,0,0,516209,1,,,,,,,,,,,,,,
Seekkuge Prasanna,1,0,0,0,516209,1,,,,,,,,,,,,,,
Upul Tharanga,1,0,0,0,516210,1,,,,,,,,,,,,,,
Suraj Randiv,1,0,0,0,516210,1,,,,,,,,,,,,,,
Kumar Sangakkara,2,0,0,0,516210,1,,,,,,,,,,,,,,
Mahela Jayawardene,1,0,0,0,516210,1,,,,,,,,,,,,,,
Kosala Kulasekara,1,0,0,0,530427,1,,,,,,,,,,,,,,
Kumar Sangakkara,2,1,0,0,530428,1,,,,,,,,,,,,,,
Dinesh Chandimal,1,0,0,0,530428,1,,,,,,,,,,,,,,
Angelo Mathews,0,0,1,0,530428,0,,,,,,,,,,,,,,
Thisara Perera,0,1,0,0,530428,1,,,,,,,,,,,,,,
Jeevan Mendis,0,1,0,0,530428,1,,,,,,,,,,,,,,
Tillakaratne Dilshan,0,1,0,0,530428,1,,,,,,,,,,,,,,
Mahela Jayawardene,1,0,0,0,530429,1,,,,,,,,,,,,,,
Thisara Perera,1,0,1,0,530429,0.5,,,,,,,,,,,,,,
Seekkuge Prasanna,0,1,2,0,530429,0.333333333,,,,,,,,,,,,,,
Lasith Malinga,0,1,0,0,530429,1,,,,,,,,,,,,,,
Angelo Mathews,1,0,0,0,530429,1,,,,,,,,,,,,,,
Dinesh Chandimal,1,0,0,0,530430,1,,,,,,,,,,,,,,
Kumar Sangakkara,2,0,0,0,530430,1,,,,,,,,,,,,,,
Jeevan Mendis,1,1,0,0,530430,1,,,,,,,,,,,,,,
Dilhara Fernando,0,1,1,0,530430,0.5,,,,,,,,,,,,,,
Kumar Sangakkara,2,0,0,0,530431,1,,,,,,,,,,,,,,
Jeevan Mendis,0,0,1,0,530431,0,,,,,,,,,,,,,,
Thisara Perera,1,0,0,0,530431,1,,,,,,,,,,,,,,
Dinesh Chandimal,1,0,0,0,530431,1,,,,,,,,,,,,,,
Tillakaratne Dilshan,0,0,0,1,514035,0,,,,,,,,,,,,,,
Kumar Sangakkara,2,0,0,0,514035,1,,,,,,,,,,,,,,
Mahela Jayawardene,0,1,0,0,514035,1,,,,,,,,,,,,,,
Angelo Mathews,1,0,0,0,514035,1,,,,,,,,,,,,,,
Ajantha Mendis,1,0,0,0,514035,1,,,,,,,,,,,,,,
Upul Tharanga,1,0,0,0,514036,1,,,,,,,,,,,,,,
Kumar Sangakkara,0,0,0,1,514036,0,,,,,,,,,,,,,,
Dinesh Chandimal,1,0,0,1,514036,0.5,,,,,,,,,,,,,,
Nuwan Kulasekara,0,1,0,0,514036,1,,,,,,,,,,,,,,
Lasith Malinga,1,0,1,0,514036,0.5,,,,,,,,,,,,,,
Angelo Mathews,0,1,0,0,514037,1,,,,,,,,,,,,,,
Kumar Sangakkara,0,1,0,0,514037,1,,,,,,,,,,,,,,
Nuwan Kulasekara,0,1,0,0,514037,1,,,,,,,,,,,,,,
Upul Tharanga,1,1,0,0,514038,1,,,,,,,,,,,,,,
Tillakaratne Dilshan,1,0,0,1,514038,0.5,,,,,,,,,,,,,,
Kumar Sangakkara,2,0,0,0,514038,1,,,,,,,,,,,,,,
Dinesh Chandimal,1,0,0,0,514039,1,,,,,,,,,,,,,,
Lahiru Thirimanne,0,0,0,1,514039,0,,,,,,,,,,,,,,
Angelo Mathews,2,0,0,0,514039,1,,,,,,,,,,,,,,
Tillakaratne Dilshan,0,1,1,1,514039,0.333333333,,,,,,,,,,,,,,
Thisara Perera,0,1,0,0,514039,1,,,,,,,,,,,,,,
Nuwan Kulasekara,1,0,0,0,518957,1,,,,,,,,,,,,,,
Lasith Malinga,1,1,0,0,518957,1,,,,,,,,,,,,,,
Tillakaratne Dilshan,1,0,0,0,518957,1,,,,,,,,,,,,,,
Sachithra Senanayake,1,0,0,0,518957,1,,,,,,,,,,,,,,
Kumar Sangakkara,1,1,0,0,518958,1,,,,,,,,,,,,,,
Mahela Jayawardene,1,0,0,0,518958,1,,,,,,,,,,,,,,
Nuwan Kulasekara,2,0,0,0,518958,1,,,,,,,,,,,,,,
Lahiru Thirimanne,2,0,0,0,518958,1,,,,,,,,,,,,,,
Upul Tharanga,1,0,0,0,518958,1,,,,,,,,,,,,,,
Nuwan Kulasekara,0,1,0,0,518960,1,,,,,,,,,,,,,,
Thisara Perera,0,0,1,0,518960,0,,,,,,,,,,,,,,
Kumar Sangakkara,2,0,1,0,518960,0.666666667,,,,,,,,,,,,,,
Mahela Jayawardene,1,1,0,1,518960,0.666666667,,,,,,,,,,,,,,
Sachithra Senanayake,1,0,0,0,518960,1,,,,,,,,,,,,,,
Angelo Mathews,0,2,0,0,518960,1,,,,,,,,,,,,,,
Farveez Maharoof,2,0,0,0,518961,1,,,,,,,,,,,,,,
Thisara Perera,0,2,0,0,518961,1,,,,,,,,,,,,,,
Nuwan Kulasekara,0,2,0,0,518961,1,,,,,,,,,,,,,,
Lasith Malinga,0,0,1,0,518961,0,,,,,,,,,,,,,,
Angelo Mathews,1,0,1,0,518961,0.5,,,,,,,,,,,,,,
Kumar Sangakkara,1,0,0,0,518961,1,,,,,,,,,,,,,,
Lahiru Thirimanne,1,0,0,0,518961,1,,,,,,,,,,,,,,
Nuwan Kulasekara,2,0,0,0,518963,1,,,,,,,,,,,,,,
Tillakaratne Dilshan,0,0,1,0,518963,0,,,,,,,,,,,,,,
Dinesh Chandimal,0,0,2,0,518963,0,,,,,,,,,,,,,,
Thisara Perera,2,0,0,0,518963,1,,,,,,,,,,,,,,
Lahiru Thirimanne,1,0,0,0,518963,1,,,,,,,,,,,,,,
Lasith Malinga,1,0,0,0,518963,1,,,,,,,,,,,,,,
Kumar Sangakkara,1,0,0,0,518963,1,,,,,,,,,,,,,,
Sachithra Senanayake,1,0,0,0,518963,1,,,,,,,,,,,,,,
Mahela Jayawardene,1,0,0,0,518964,1,,,,,,,,,,,,,,
Kumar Sangakkara,1,1,0,0,518964,1,,,,,,,,,,,,,,
Farveez Maharoof,1,0,0,0,518964,1,,,,,,,,,,,,,,
Thisara Perera,1,0,0,0,518964,1,,,,,,,,,,,,,,
Tillakaratne Dilshan,1,0,0,0,518966,1,,,,,,,,,,,,,,
Dinesh Chandimal,0,1,0,0,518966,1,,,,,,,,,,,,,,
Angelo Mathews,0,1,0,0,518966,1,,,,,,,,,,,,,,
Thisara Perera,1,0,0,0,518967,1,,,,,,,,,,,,,,
Kumar Sangakkara,2,1,0,0,518967,1,,,,,,,,,,,,,,
Dinesh Chandimal,0,0,0,1,518967,0,,,,,,,,,,,,,,
Tillakaratne Dilshan,3,1,0,0,518967,1,,,,,,,,,,,,,,
Sachithra Senanayake,1,0,0,0,518967,1,,,,,,,,,,,,,,
Rangana Herath,2,0,0,0,518968,1,,,,,,,,,,,,,,
Lahiru Thirimanne,1,0,0,0,518968,1,,,,,,,,,,,,,,
Kumar Sangakkara,1,0,0,0,518968,1,,,,,,,,,,,,,,
Mahela Jayawardene,1,0,0,1,518968,0.5,,,,,,,,,,,,,,
Tillakaratne Dilshan,1,0,1,0,518969,0.5,,,,,,,,,,,,,,
Farveez Maharoof,0,1,0,0,518969,1,,,,,,,,,,,,,,
Lasith Malinga,0,0,1,0,518969,0,,,,,,,,,,,,,,
Rangana Herath,0,1,2,0,518969,0.333333333,,,,,,,,,,,,,,
Kumar Sangakkara,2,0,0,0,518970,1,,,,,,,,,,,,,,
Rangana Herath,1,0,0,0,518970,1,,,,,,,,,,,,,,
Tillakaratne Dilshan,0,1,0,0,518970,1,,,,,,,,,,,,,,
Mahela Jayawardene,1,0,0,0,518970,1,,,,,,,,,,,,,,
Farveez Maharoof,1,0,1,0,518970,0.5,,,,,,,,,,,,,,
Sachithra Senanayake,1,0,0,0,518970,1,,,,,,,,,,,,,,
Upul Tharanga,1,0,0,0,535795,1,,,,,,,,,,,,,,
Mahela Jayawardene,1,0,0,0,535795,1,,,,,,,,,,,,,,
Dinesh Chandimal,0,0,1,0,535795,0,,,,,,,,,,,,,,
Lahiru Thirimanne,1,0,0,0,535795,1,,,,,,,,,,,,,,
Dinesh Chandimal,1,0,0,0,535796,1,,,,,,,,,,,,,,
Lahiru Thirimanne,0,0,1,0,535796,0,,,,,,,,,,,,,,
Upul Tharanga,2,0,0,0,535796,1,,,,,,,,,,,,,,
Farveez Maharoof,1,0,0,0,535796,1,,,,,,,,,,,,,,
Lahiru Thirimanne,1,0,0,0,535799,1,,,,,,,,,,,,,,
Chamara Kapugedera,1,0,0,0,535799,1,,,,,,,,,,,,,,
Sachithra Senanayake,0,0,1,0,535799,0,,,,,,,,,,,,,,
Kumar Sangakkara,1,2,0,0,562439,1,,,,,,,,,,,,,,
Angelo Mathews,0,1,0,0,562439,1,,,,,,,,,,,,,,
Thisara Perera,0,0,0,1,562439,0,,,,,,,,,,,,,,
Thisara Perera,1,0,0,0,562440,1,,,,,,,,,,,,,,
Kumar Sangakkara,4,0,1,0,562440,0.8,,,,,,,,,,,,,,
Upul Tharanga,1,0,0,0,562440,1,,,,,,,,,,,,,,
Kumar Sangakkara,1,0,0,0,562441,1,,,,,,,,,,,,,,
Nuwan Kulasekara,2,0,0,0,562442,1,,,,,,,,,,,,,,
Kumar Sangakkara,3,0,0,0,562442,1,,,,,,,,,,,,,,
Dinesh Chandimal,1,0,0,0,562442,1,,,,,,,,,,,,,,
Mahela Jayawardene,1,0,0,0,562442,1,,,,,,,,,,,,,,
Thisara Perera,0,1,0,0,562442,1,,,,,,,,,,,,,,
Lahiru Thirimanne,1,0,0,0,562442,1,,,,,,,,,,,,,,
Dinesh Chandimal,1,0,0,0,562443,1,,,,,,,,,,,,,,
Lahiru Thirimanne,1,1,0,0,562443,1,,,,,,,,,,,,,,
Thisara Perera,1,0,0,0,562443,1,,,,,,,,,,,,,,
Mahela Jayawardene,1,0,0,0,562443,1,,,,,,,,,,,,,,
Upul Tharanga,1,0,1,0,562443,0.5,,,,,,,,,,,,,,
Thisara Perera,0,1,1,0,564781,0.5,,,,,,,,,,,,,,
Sachithra Senanayake,2,0,0,0,564781,1,,,,,,,,,,,,,,
Lasith Malinga,0,0,0,1,564781,0,,,,,,,,,,,,,,
Tillakaratne Dilshan,0,0,1,1,564781,0,,,,,,,,,,,,,,
Lahiru Thirimanne,1,0,1,0,564781,0.5,,,,,,,,,,,,,,
Kumar Sangakkara,4,1,0,0,564782,1,,,,,,,,,,,,,,
Angelo Mathews,0,0,1,0,564782,0,,,,,,,,,,,,,,
Thisara Perera,2,0,0,0,564782,1,,,,,,,,,,,,,,
Isuru Udana,0,1,0,0,564782,1,,,,,,,,,,,,,,
Isuru Udana,0,1,0,0,564783,1,,,,,,,,,,,,,,
Sachithra Senanayake,1,0,1,0,564783,0.5,,,,,,,,,,,,,,
Angelo Mathews,0,0,0,1,564783,0,,,,,,,,,,,,,,
Rangana Herath,1,0,0,0,564783,1,,,,,,,,,,,,,,
Nuwan Pradeep,0,0,1,0,564784,0,,,,,,,,,,,,,,
Tillakaratne Dilshan,0,0,0,1,564784,0,,,,,,,,,,,,,,
Mahela Jayawardene,0,0,1,0,564784,0,,,,,,,,,,,,,,
Sachithra Senanayake,1,0,0,0,564784,1,,,,,,,,,,,,,,
Lasith Malinga,1,0,0,0,564785,1,,,,,,,,,,,,,,
Thisara Perera,1,0,0,0,564785,1,,,,,,,,,,,,,,
Lahiru Thirimanne,1,0,0,0,564785,1,,,,,,,,,,,,,,
Dinesh Chandimal,1,0,0,0,564785,1,,,,,,,,,,,,,,
Kumar Sangakkara,1,0,0,0,582188,1,,,,,,,,,,,,,,
Upul Tharanga,0,0,1,0,582188,0,,,,,,,,,,,,,,
Jeevan Mendis,0,0,0,1,582188,0,,,,,,,,,,,,,,
Mahela Jayawardene,1,0,0,0,582188,1,,,,,,,,,,,,,,
Angelo Mathews,1,0,1,0,582188,0.5,,,,,,,,,,,,,,
Thisara Perera,1,0,0,0,582188,1,,,,,,,,,,,,,,
Mahela Jayawardene,1,0,0,0,582189,1,,,,,,,,,,,,,,
Jeevan Mendis,0,1,0,0,582189,1,,,,,,,,,,,,,,
Lasith Malinga,0,0,1,0,582189,0,,,,,,,,,,,,,,
Angelo Mathews,1,0,2,0,582189,0.333333333,,,,,,,,,,,,,,
Upul Tharanga,1,0,1,0,582190,0.5,,,,,,,,,,,,,,
Nuwan Kulasekara,0,1,0,0,582190,1,,,,,,,,,,,,,,
Jeevan Mendis,0,1,0,0,582190,1,,,,,,,,,,,,,,
Dinesh Chandimal,1,0,0,0,582190,1,,,,,,,,,,,,,,
Kumar Sangakkara,1,0,0,0,582190,1,,,,,,,,,,,,,,
Dinesh Chandimal,2,1,0,0,573014,1,,,,,,,,,,,,,,
Jeevan Mendis,1,1,0,0,573014,1,,,,,,,,,,,,,,
Ajantha Mendis,1,0,0,0,573014,1,,,,,,,,,,,,,,
Jeevan Mendis,1,0,1,0,573015,0.5,,,,,,,,,,,,,,
Lahiru Thirimanne,2,0,0,0,573015,1,,,,,,,,,,,,,,
Tillakaratne Dilshan,0,1,0,0,573015,1,,,,,,,,,,,,,,
Kusal Perera,4,0,0,0,573015,1,,,,,,,,,,,,,,
Shaminda Eranga,1,0,0,0,573016,1,,,,,,,,,,,,,,
Mahela Jayawardene,1,0,0,0,573016,1,,,,,,,,,,,,,,
Kusal Perera,2,0,0,0,573016,1,,,,,,,,,,,,,,
Tillakaratne Dilshan,1,0,0,0,573016,1,,,,,,,,,,,,,,
Jeevan Mendis,1,0,0,0,573016,1,,,,,,,,,,,,,,
Dinesh Chandimal,1,0,0,0,573017,1,,,,,,,,,,,,,,
Lahiru Thirimanne,1,0,0,0,573017,1,,,,,,,,,,,,,,
Thisara Perera,1,0,0,0,573017,1,,,,,,,,,,,,,,
Nuwan Kulasekara,1,0,0,0,573017,1,,,,,,,,,,,,,,
Mahela Jayawardene,0,0,1,0,573018,0,,,,,,,,,,,,,,
Thisara Perera,1,1,0,0,573018,1,,,,,,,,,,,,,,
Lahiru Thirimanne,1,0,0,0,573018,1,,,,,,,,,,,,,,
Dinesh Chandimal,0,1,0,0,602474,1,,,,,,,,,,,,,,
Kumar Sangakkara,1,1,0,0,602474,1,,,,,,,,,,,,,,
Kusal Perera,1,0,0,0,602474,1,,,,,,,,,,,,,,
Tillakaratne Dilshan,1,0,0,0,602474,1,,,,,,,,,,,,,,
Tillakaratne Dilshan,0,0,0,1,602476,0,,,,,,,,,,,,,,
Dinesh Chandimal,1,0,0,0,602476,1,,,,,,,,,,,,,,
Kumar Sangakkara,2,0,0,0,602476,1,,,,,,,,,,,,,,
Thisara Perera,1,1,0,0,602476,1,,,,,,,,,,,,,,
Mahela Jayawardene,1,0,0,0,578617,1,,,,,,,,,,,,,,
Kumar Sangakkara,1,0,0,0,578617,1,,,,,,,,,,,,,,
Thisara Perera,0,1,0,0,578617,1,,,,,,,,,,,,,,
Tillakaratne Dilshan,0,0,2,0,578621,0,,,,,,,,,,,,,,
Kusal Perera,1,0,0,0,578621,1,,,,,,,,,,,,,,
Mahela Jayawardene,1,0,0,0,578621,1,,,,,,,,,,,,,,
Kumar Sangakkara,1,0,0,0,578621,1,,,,,,,,,,,,,,
Kumar Sangakkara,2,0,0,0,578625,1,,,,,,,,,,,,,,
Nuwan Kulasekara,1,1,0,0,578625,1,,,,,,,,,,,,,,
Shaminda Eranga,1,0,0,0,578625,1,,,,,,,,,,,,,,
Tillakaratne Dilshan,2,0,0,0,578625,1,,,,,,,,,,,,,,
Kumar Sangakkara,0,1,1,0,566947,0.5,,,,,,,,,,,,,,
Sachithra Senanayake,0,0,1,0,566947,0,,,,,,,,,,,,,,
Angelo Mathews,0,0,1,0,566947,0,,,,,,,,,,,,,,
Angelo Mathews,0,0,1,0,597923,0,,,,,,,,,,,,,,
Dinesh Chandimal,1,0,0,0,597923,1,,,,,,,,,,,,,,
Mahela Jayawardene,1,0,0,0,597923,1,,,,,,,,,,,,,,
Lasith Malinga,0,1,0,0,597923,1,,,,,,,,,,,,,,
Nuwan Kulasekara,0,1,0,0,597923,1,,,,,,,,,,,,,,
Angelo Mathews,1,1,0,0,597925,1,,,,,,,,,,,,,,
Upul Tharanga,1,0,0,0,597925,1,,,,,,,,,,,,,,
Lasith Malinga,2,1,0,0,597925,1,,,,,,,,,,,,,,
Kumar Sangakkara,1,1,0,0,597925,1,,,,,,,,,,,,,,
Mahela Jayawardene,0,1,0,0,597925,1,,,,,,,,,,,,,,
Shaminda Eranga,2,0,0,0,597927,1,,,,,,,,,,,,,,
Nuwan Kulasekara,0,0,1,0,597927,0,,,,,,,,,,,,,,
Mahela Jayawardene,1,0,0,0,597927,1,,,,,,,,,,,,,,
Jeevan Mendis,1,0,0,0,597927,1,,,,,,,,,,,,,,
Lahiru Thirimanne,1,0,0,0,597927,1,,,,,,,,,,,,,,
Kumar Sangakkara,1,0,0,1,597927,0.5,,,,,,,,,,,,,,
Lasith Malinga,1,0,0,0,597927,1,,,,,,,,,,,,,,
Mahela Jayawardene,1,0,0,0,597928,1,,,,,,,,,,,,,,
Jeevan Mendis,0,0,1,0,597928,0,,,,,,,,,,,,,,
Kumar Sangakkara,3,0,0,0,597929,1,,,,,,,,,,,,,,
Mahela Jayawardene,1,0,0,0,597929,1,,,,,,,,,,,,,,
Sachithra Senanayake,1,0,0,0,597929,1,,,,,,,,,,,,,,
Kumar Sangakkara,2,1,0,0,635653,1,,,,,,,,,,,,,,
Shaminda Eranga,0,0,1,0,635653,0,,,,,,,,,,,,,,
Dinesh Chandimal,1,0,0,0,635653,1,,,,,,,,,,,,,,
Upul Tharanga,1,0,0,0,635653,1,,,,,,,,,,,,,,
Thisara Perera,1,0,0,0,635653,1,,,,,,,,,,,,,,
Lahiru Thirimanne,1,0,0,0,635653,1,,,,,,,,,,,,,,
Kumar Sangakkara,2,0,0,0,635654,1,,,,,,,,,,,,,,
Jehan Mubarak,0,0,1,0,635654,0,,,,,,,,,,,,,,
Kumar Sangakkara,3,1,0,0,635655,1,,,,,,,,,,,,,,
Tillakaratne Dilshan,0,0,1,0,635655,0,,,,,,,,,,,,,,
Dinesh Chandimal,0,1,0,0,635655,1,,,,,,,,,,,,,,
Kumar Sangakkara,2,1,0,0,635656,1,,,,,,,,,,,,,,
Lahiru Thirimanne,1,0,0,0,635656,1,,,,,,,,,,,,,,
Angelo Mathews,0,0,1,0,635656,0,,,,,,,,,,,,,,
Tillakaratne Dilshan,1,0,0,0,635656,1,,,,,,,,,,,,,,
Kumar Sangakkara,2,0,0,0,635657,1,,,,,,,,,,,,,,
Angelo Mathews,3,0,0,0,635657,1,,,,,,,,,,,,,,
Sachithra Senanayake,1,0,0,0,668963,1,,,,,,,,,,,,,,
Kumar Sangakkara,2,1,0,0,668963,1,,,,,,,,,,,,,,
Lahiru Thirimanne,1,0,0,0,668963,1,,,,,,,,,,,,,,
Tillakaratne Dilshan,1,0,0,0,668963,1,,,,,,,,,,,,,,
Rangana Herath,1,0,0,0,668965,1,,,,,,,,,,,,,,
Nuwan Kulasekara,0,0,1,0,668965,0,,,,,,,,,,,,,,
Kumar Sangakkara,0,1,0,0,668965,1,,,,,,,,,,,,,,
Sachithra Senanayake,1,0,0,0,668965,1,,,,,,,,,,,,,,
Sachithra Senanayake,1,0,0,0,657637,1,,,,,,,,,,,,,,
Dinesh Chandimal,1,0,0,0,657637,1,,,,,,,,,,,,,,
Thisara Perera,0,1,1,0,657637,0.5,,,,,,,,,,,,,,
Kumar Sangakkara,0,1,0,0,657637,1,,,,,,,,,,,,,,
Dimuth Karunaratne,0,1,0,0,657639,1,,,,,,,,,,,,,,
Seekkuge Prasanna,0,0,1,0,657639,0,,,,,,,,,,,,,,
Kumar Sangakkara,0,1,0,0,657639,1,,,,,,,,,,,,,,
Dinesh Chandimal,1,0,0,0,657639,1,,,,,,,,,,,,,,
Lasith Malinga,0,1,1,0,657641,0.5,,,,,,,,,,,,,,
Sachithra Senanayake,1,0,0,0,657641,1,,,,,,,,,,,,,,
Dimuth Karunaratne,1,0,0,0,657641,1,,,,,,,,,,,,,,
Sachithra Senanayake,1,0,0,0,657643,1,,,,,,,,,,,,,,
Lasith Malinga,1,0,0,0,657645,1,,,,,,,,,,,,,,
Angelo Mathews,0,0,1,0,657645,0,,,,,,,,,,,,,,
Ashan Priyanjan,1,0,0,0,657645,1,,,,,,,,,,,,,,
Tillakaratne Dilshan,2,0,0,0,657645,1,,,,,,,,,,,,,,
Kumar Sangakkara,1,0,0,0,657645,1,,,,,,,,,,,,,,
Ajantha Mendis,0,1,0,0,657645,1,,,,,,,,,,,,,,
Sachithra Senanayake,0,1,0,0,657645,1,,,,,,,,,,,,,,
Angelo Mathews,2,1,0,0,690355,1,,,,,,,,,,,,,,
Lasith Malinga,0,2,0,0,690355,1,,,,,,,,,,,,,,
Kumar Sangakkara,2,2,0,0,690355,1,,,,,,,,,,,,,,
Tillakaratne Dilshan,1,0,0,0,690355,1,,,,,,,,,,,,,,
Ashan Priyanjan,1,0,0,0,690355,1,,,,,,,,,,,,,,
Kithuruwan Vithanage,1,0,0,0,690355,1,,,,,,,,,,,,,,
Sachithra Senanayake,0,1,0,0,690355,1,,,,,,,,,,,,,,
Angelo Mathews,0,0,1,0,690357,0,,,,,,,,,,,,,,
Sachithra Senanayake,3,0,0,0,690357,1,,,,,,,,,,,,,,
Kumar Sangakkara,2,0,0,0,690357,1,,,,,,,,,,,,,,
Kithuruwan Vithanage,1,0,0,0,690357,1,,,,,,,,,,,,,,
Kusal Perera,0,1,0,0,690357,1,,,,,,,,,,,,,,
Ashan Priyanjan,0,1,0,0,690357,1,,,,,,,,,,,,,,
Thisara Perera,1,0,0,0,690357,1,,,,,,,,,,,,,,
Angelo Perera,1,0,0,0,690357,1,,,,,,,,,,,,,,
Dinesh Chandimal,1,0,0,0,690359,1,,,,,,,,,,,,,,
Angelo Perera,1,0,0,0,690359,1,,,,,,,,,,,,,,
Kithuruwan Vithanage,0,1,0,0,690359,1,,,,,,,,,,,,,,
Sachithra Senanayake,1,0,0,0,690359,1,,,,,,,,,,,,,,
Dhammika Prasad,1,0,0,0,690359,1,,,,,,,,,,,,,,
Ashan Priyanjan,1,0,0,0,690359,1,,,,,,,,,,,,,,
Lahiru Thirimanne,1,0,0,0,690359,1,,,,,,,,,,,,,,
Angelo Mathews,1,0,0,0,710291,1,,,,,,,,,,,,,,
Chaturanga de Silva,2,0,0,0,710291,1,,,,,,,,,,,,,,
Sachithra Senanayake,1,0,0,0,710291,1,,,,,,,,,,,,,,
Kumar Sangakkara,1,0,0,0,710291,1,,,,,,,,,,,,,,
Dinesh Chandimal,1,0,0,0,710291,1,,,,,,,,,,,,,,
Sachithra Senanayake,0,0,0,1,710297,0,,,,,,,,,,,,,,
Lahiru Thirimanne,1,0,0,0,710297,1,,,,,,,,,,,,,,
Kusal Perera,1,0,0,0,710297,1,,,,,,,,,,,,,,
Chaturanga de Silva,1,0,0,0,710297,1,,,,,,,,,,,,,,
Kumar Sangakkara,0,1,0,0,710297,1,,,,,,,,,,,,,,
Chaturanga de Silva,1,0,0,0,710303,1,,,,,,,,,,,,,,
Kumar Sangakkara,1,0,0,0,710303,1,,,,,,,,,,,,,,
Lahiru Thirimanne,1,0,0,0,710303,1,,,,,,,,,,,,,,
Angelo Mathews,1,0,0,0,710303,1,,,,,,,,,,,,,,
Thisara Perera,1,0,0,0,710303,1,,,,,,,,,,,,,,
Lahiru Thirimanne,1,0,0,0,710309,1,,,,,,,,,,,,,,
Kumar Sangakkara,0,0,0,1,710309,0,,,,,,,,,,,,,,
Angelo Mathews,1,0,0,0,710309,1,,,,,,,,,,,,,,
Mahela Jayawardene,1,0,0,0,710309,1,,,,,,,,,,,,,,
Thisara Perera,1,0,0,0,710311,1,,,,,,,,,,,,,,
Kumar Sangakkara,2,0,0,0,710311,1,,,,,,,,,,,,,,
Kusal Perera,1,0,0,0,710311,1,,,,,,,,,,,,,,
Ashan Priyanjan,1,0,0,0,710311,1,,,,,,,,,,,,,,
Kusal Perera,1,0,0,0,706767,1,,,,,,,,,,,,,,
Dinesh Chandimal,1,1,0,0,706767,1,,,,,,,,,,,,,,
Sachithra Senanayake,1,1,0,0,706767,1,,,,,,,,,,,,,,
Angelo Mathews,0,0,1,0,706767,0,,,,,,,,,,,,,,
Kumar Sangakkara,1,0,0,0,667889,1,,,,,,,,,,,,,,
Lasith Malinga,1,0,0,0,667889,1,,,,,,,,,,,,,,
Tillakaratne Dilshan,0,0,1,0,667889,0,,,,,,,,,,,,,,
Dinesh Chandimal,1,0,0,0,667889,1,,,,,,,,,,,,,,
Kumar Sangakkara,2,0,0,0,667891,1,,,,,,,,,,,,,,
Dinesh Chandimal,1,0,0,0,667891,1,,,,,,,,,,,,,,
Sachithra Senanayake,1,0,0,0,667891,1,,,,,,,,,,,,,,
Nuwan Kulasekara,1,0,0,0,667891,1,,,,,,,,,,,,,,
Mahela Jayawardene,1,0,0,0,667895,1,,,,,,,,,,,,,,
Kumar Sangakkara,1,1,0,0,667895,1,,,,,,,,,,,,,,
Ajantha Mendis,1,0,0,0,667895,1,,,,,,,,,,,,,,
Lahiru Thirimanne,1,0,0,0,667895,1,,,,,,,,,,,,,,
Lasith Malinga,0,1,0,0,667895,1,,,,,,,,,,,,,,
Tillakaratne Dilshan,1,0,0,0,667895,1,,,,,,,,,,,,,,
Kumar Sangakkara,2,0,0,0,667897,1,,,,,,,,,,,,,,
Ajantha Mendis,1,1,0,0,667897,1,,,,,,,,,,,,,,
Lasith Malinga,1,0,0,0,667897,1,,,,,,,,,,,,,,
Mahela Jayawardene,1,0,1,0,667897,0.5,,,,,,,,,,,,,,
Sachithra Senanayake,0,1,0,0,667897,1,,,,,,,,,,,,,,
Kusal Perera,0,1,0,0,667897,1,,,,,,,,,,,,,,
Nuwan Kulasekara,1,0,0,0,730083,1,,,,,,,,,,,,,,
Thisara Perera,0,0,1,0,730083,0,,,,,,,,,,,,,,
Angelo Mathews,0,0,1,0,730083,0,,,,,,,,,,,,,,
Tillakaratne Dilshan,1,0,0,0,730083,1,,,,,,,,,,,,,,
Sachithra Senanayake,2,0,0,0,730085,1,,,,,,,,,,,,,,
Kumar Sangakkara,3,0,0,0,730085,1,,,,,,,,,,,,,,
Thisara Perera,1,0,0,0,730085,1,,,,,,,,,,,,,,
Nuwan Kulasekara,1,0,0,0,730085,1,,,,,,,,,,,,,,
Sachithra Senanayake,1,0,0,0,730087,1,,,,,,,,,,,,,,
Ajantha Mendis,2,0,0,0,730087,1,,,,,,,,,,,,,,
Ashan Priyanjan,1,0,1,0,730087,0.5,,,,,,,,,,,,,,
Nuwan Kulasekara,1,0,0,0,745159,1,,,,,,,,,,,,,,
Lasith Malinga,1,0,0,0,745159,1,,,,,,,,,,,,,,
Kumar Sangakkara,1,0,0,0,745159,1,,,,,,,,,,,,,,
Ashan Priyanjan,1,0,0,0,745159,1,,,,,,,,,,,,,,
Kumar Sangakkara,2,0,0,0,745161,1,,,,,,,,,,,,,,
Rangana Herath,2,0,0,0,745161,1,,,,,,,,,,,,,,
Nuwan Kulasekara,2,0,0,0,745161,1,,,,,,,,,,,,,,
Angelo Mathews,1,0,0,0,745161,1,,,,,,,,,,,,,,
Thisara Perera,2,0,0,0,745163,1,,,,,,,,,,,,,,
Mahela Jayawardene,2,0,0,0,745163,1,,,,,,,,,,,,,,
Tillakaratne Dilshan,0,1,0,0,745163,1,,,,,,,,,,,,,,
Lasith Malinga,1,0,0,0,745163,1,,,,,,,,,,,,,,
Kumar Sangakkara,2,0,0,0,745163,1,,,,,,,,,,,,,,
Mahela Jayawardene,1,0,0,0,792289,1,,,,,,,,,,,,,,
Kumar Sangakkara,0,0,1,0,792289,0,,,,,,,,,,,,,,
Lahiru Gamage,0,0,1,0,792289,0,,,,,,,,,,,,,,
Thisara Perera,2,0,0,0,792289,1,,,,,,,,,,,,,,
Mahela Jayawardene,1,0,0,0,792291,1,,,,,,,,,,,,,,
Ashan Priyanjan,1,0,0,0,792291,1,,,,,,,,,,,,,,
Suraj Randiv,1,0,0,0,792291,1,,,,,,,,,,,,,,
Mahela Jayawardene,1,0,0,0,792293,1,,,,,,,,,,,,,,
Kumar Sangakkara,1,1,0,0,792293,1,,,,,,,,,,,,,,
Angelo Mathews,0,1,0,0,792293,1,,,,,,,,,,,,,,
Lahiru Gamage,1,0,0,0,792293,1,,,,,,,,,,,,,,
Mahela Jayawardene,2,0,0,0,792295,1,,,,,,,,,,,,,,
Thisara Perera,0,0,1,0,792295,0,,,,,,,,,,,,,,
Lahiru Thirimanne,0,0,1,0,792295,0,,,,,,,,,,,,,,
Seekkuge Prasanna,0,1,1,0,792295,0.5,,,,,,,,,,,,,,
Dinesh Chandimal,0,1,0,0,792295,1,,,,,,,,,,,,,,
Dinesh Chandimal,0,2,0,0,792297,1,,,,,,,,,,,,,,
Shaminda Eranga,0,1,0,0,792297,1,,,,,,,,,,,,,,
Angelo Mathews,1,0,0,0,792297,1,,,,,,,,,,,,,,
Jeevan Mendis,1,0,1,0,750663,0.5,,,,,,,,,,,,,,
Dhammika Prasad,0,0,1,0,750663,0,,,,,,,,,,,,,,
Mahela Jayawardene,1,0,0,0,750663,1,,,,,,,,,,,,,,
Kumar Sangakkara,1,2,0,0,750663,1,,,,,,,,,,,,,,
Kusal Perera,1,0,0,0,750663,1,,,,,,,,,,,,,,
Kusal Perera,1,0,0,0,750665,1,,,,,,,,,,,,,,
Thisara Perera,1,0,1,0,750665,0.5,,,,,,,,,,,,,,
Lahiru Thirimanne,1,0,0,0,750665,1,,,,,,,,,,,,,,
Angelo Mathews,1,0,1,0,750665,0.5,,,,,,,,,,,,,,
Kumar Sangakkara,0,1,0,0,750665,1,,,,,,,,,,,,,,
Kumar Sangakkara,2,1,0,0,750667,1,,,,,,,,,,,,,,
Lahiru Thirimanne,0,0,1,0,750667,0,,,,,,,,,,,,,,
Rangana Herath,0,1,0,0,750667,1,,,,,,,,,,,,,,
Ajantha Mendis,1,0,0,0,750667,1,,,,,,,,,,,,,,
Thisara Perera,1,0,0,0,750667,1,,,,,,,,,,,,,,
Kumar Sangakkara,2,0,0,0,750669,1,,,,,,,,,,,,,,
Mahela Jayawardene,2,0,0,0,750669,1,,,,,,,,,,,,,,
Kusal Perera,1,0,0,0,750669,1,,,,,,,,,,,,,,
Thisara Perera,2,0,0,0,750669,1,,,,,,,,,,,,,,
Ajantha Mendis,1,0,0,0,750671,1,,,,,,,,,,,,,,
Lahiru Thirimanne,1,0,0,0,750671,1,,,,,,,,,,,,,,
Thisara Perera,1,0,0,0,750671,1,,,,,,,,,,,,,,
Kumar Sangakkara,4,0,0,0,750673,1,,,,,,,,,,,,,,
Lahiru Thirimanne,0,1,0,0,750673,1,,,,,,,,,,,,,,
Tillakaratne Dilshan,2,0,0,0,750673,1,,,,,,,,,,,,,,
Mahela Jayawardene,1,0,1,0,750675,0.5,,,,,,,,,,,,,,
Seekkuge Prasanna,1,0,0,0,750675,1,,,,,,,,,,,,,,
Kumar Sangakkara,1,1,0,0,750675,1,,,,,,,,,,,,,,
Dinesh Chandimal,1,0,0,0,750675,1,,,,,,,,,,,,,,
Tillakaratne Dilshan,1,0,0,0,749781,1,,,,,,,,,,,,,,
Kumar Sangakkara,0,2,0,0,749781,1,,,,,,,,,,,,,,
Mahela Jayawardene,1,0,0,0,749781,1,,,,,,,,,,,,,,
Angelo Mathews,1,0,0,0,749781,1,,,,,,,,,,,,,,
Angelo Mathews,1,1,0,0,749783,1,,,,,,,,,,,,,,
Jeevan Mendis,1,1,0,0,749783,1,,,,,,,,,,,,,,
Kumar Sangakkara,1,4,0,0,749783,1,,,,,,,,,,,,,,
Thisara Perera,1,0,0,0,749783,1,,,,,,,,,,,,,,
Tillakaratne Dilshan,0,1,0,0,749783,1,,,,,,,,,,,,,,
Mahela Jayawardene,0,1,0,0,749783,1,,,,,,,,,,,,,,
Lahiru Thirimanne,1,0,0,0,749783,1,,,,,,,,,,,,,,
Nuwan Kulasekara,1,0,0,0,749785,1,,,,,,,,,,,,,,
Kumar Sangakkara,2,0,1,0,749787,0.666666667,,,,,,,,,,,,,,
Thisara Perera,1,0,0,0,749787,1,,,,,,,,,,,,,,
Lahiru Thirimanne,1,0,0,0,749787,1,,,,,,,,,,,,,,
Tillakaratne Dilshan,0,1,0,0,749787,1,,,,,,,,,,,,,,
Kumar Sangakkara,2,0,0,0,749789,1,,,,,,,,,,,,,,
Tillakaratne Dilshan,0,0,1,0,749789,0,,,,,,,,,,,,,,
Dimuth Karunaratne,1,0,0,0,749789,1,,,,,,,,,,,,,,
Kumar Sangakkara,1,2,0,0,749791,1,,,,,,,,,,,,,,
Tillakaratne Dilshan,0,0,1,0,749791,0,,,,,,,,,,,,,,
Thisara Perera,2,0,0,0,749791,1,,,,,,,,,,,,,,
Dhammika Prasad,0,3,0,0,749791,1,,,,,,,,,,,,,,
Dimuth Karunaratne,1,1,0,0,749791,1,,,,,,,,,,,,,,
Mahela Jayawardene,1,0,0,0,749793,1,,,,,,,,,,,,,,
Dinesh Chandimal,1,0,0,0,749793,1,,,,,,,,,,,,,,
Kumar Sangakkara,2,1,0,0,749793,1,,,,,,,,,,,,,,
Nuwan Kulasekara,0,1,0,0,749793,1,,,,,,,,,,,,,,
Kumar Sangakkara,1,1,1,0,656399,0.666666667,,,,,,,,,,,,,,
Jeevan Mendis,1,0,1,0,656399,0.5,,,,,,,,,,,,,,
Dimuth Karunaratne,1,0,0,0,656399,1,,,,,,,,,,,,,,
Lahiru Thirimanne,1,0,0,0,656399,1,,,,,,,,,,,,,,
Suranga Lakmal,1,0,0,0,656399,1,,,,,,,,,,,,,,
Rangana Herath,2,0,0,0,656421,1,,,,,,,,,,,,,,
Mahela Jayawardene,0,0,1,0,656421,0,,,,,,,,,,,,,,
Lahiru Thirimanne,1,0,0,0,656421,1,,,,,,,,,,,,,,
Jeevan Mendis,2,0,0,0,656421,1,,,,,,,,,,,,,,
Angelo Mathews,1,0,0,0,656421,1,,,,,,,,,,,,,,
Thisara Perera,1,0,0,0,656421,1,,,,,,,,,,,,,,
Suranga Lakmal,1,0,0,0,656421,1,,,,,,,,,,,,,,
Angelo Mathews,0,1,0,0,656433,1,,,,,,,,,,,,,,
Kumar Sangakkara,2,1,0,0,656433,1,,,,,,,,,,,,,,
Tillakaratne Dilshan,0,0,1,0,656433,0,,,,,,,,,,,,,,
Mahela Jayawardene,1,0,0,0,656433,1,,,,,,,,,,,,,,
Rangana Herath,1,0,0,0,656433,1,,,,,,,,,,,,,,
Lasith Malinga,1,0,1,0,656433,0.5,,,,,,,,,,,,,,
Suranga Lakmal,1,0,0,0,656441,1,,,,,,,,,,,,,,
Tillakaratne Dilshan,3,0,0,0,656441,1,,,,,,,,,,,,,,
Kumar Sangakkara,0,1,1,0,656461,0.5,,,,,,,,,,,,,,
Seekkuge Prasanna,1,0,1,0,656461,0.5,,,,,,,,,,,,,,
Mahela Jayawardene,0,0,1,0,656461,0,,,,,,,,,,,,,,
Thisara Perera,2,2,0,0,656461,1,,,,,,,,,,,,,,
Lasith Malinga,1,0,0,0,656461,1,,,,,,,,,,,,,,
Dinesh Chandimal,1,0,0,0,656461,1,,,,,,,,,,,,,,
Angelo Mathews,0,2,0,0,656461,1,,,,,,,,,,,,,,
Lasith Malinga,1,0,0,0,656467,1,,,,,,,,,,,,,,
Lahiru Thirimanne,2,0,0,0,656467,1,,,,,,,,,,,,,,
Kusal Perera,0,0,1,0,656467,0,,,,,,,,,,,,,,
Thisara Perera,2,0,0,0,656467,1,,,,,,,,,,,,,,
Nuwan Kulasekara,1,0,0,0,656467,1,,,,,,,,,,,,,,
Kumar Sangakkara,2,0,0,0,656467,1,,,,,,,,,,,,,,
Nuwan Kulasekara,1,0,0,0,656483,1,,,,,,,,,,,,,,
Dinesh Chandimal,2,0,0,0,860269,1,,,,,,,,,,,,,,
Thisara Perera,1,0,0,0,860269,1,,,,,,,,,,,,,,
Milinda Siriwardana,2,0,0,0,860271,1,,,,,,,,,,,,,,
Dinesh Chandimal,0,0,1,0,860271,0,,,,,,,,,,,,,,
Angelo Mathews,1,0,0,0,860271,1,,,,,,,,,,,,,,
Nuwan Pradeep,0,0,1,0,860271,0,,,,,,,,,,,,,,
Sachith Pathirana,1,0,0,0,860273,1,,,,,,,,,,,,,,
Nuwan Pradeep,0,0,1,0,860273,0,,,,,,,,,,,,,,
Upul Tharanga,0,1,0,0,860273,1,,,,,,,,,,,,,,
Thisara Perera,0,2,0,0,860273,1,,,,,,,,,,,,,,
Kusal Perera,1,0,0,0,860273,1,,,,,,,,,,,,,,
Sachithra Senanayake,1,0,0,0,860275,1,,,,,,,,,,,,,,
Lahiru Thirimanne,0,0,1,0,860275,0,,,,,,,,,,,,,,
Kusal Perera,1,0,1,0,860275,0.5,,,,,,,,,,,,,,
Dinesh Chandimal,1,0,0,0,860275,1,,,,,,,,,,,,,,
Angelo Mathews,0,1,0,0,860277,1,,,,,,,,,,,,,,
Dinesh Chandimal,1,1,0,0,860277,1,,,,,,,,,,,,,,
Suranga Lakmal,0,1,0,0,860277,1,,,,,,,,,,,,,,
Lahiru Thirimanne,1,0,0,0,860277,1,,,,,,,,,,,,,,
Sachithra Senanayake,2,0,0,0,860277,1,,,,,,,,,,,,,,
Thisara Perera,2,0,0,0,860277,1,,,,,,,,,,,,,,
Tillakaratne Dilshan,1,0,0,0,915777,1,,,,,,,,,,,,,,
Danushka Gunathilaka,1,0,0,0,915777,1,,,,,,,,,,,,,,
Kusal Perera,0,1,0,0,915777,1,,,,,,,,,,,,,,
Kusal Perera,1,2,0,0,915779,1,,,,,,,,,,,,,,
Shehan jayasuriya,0,0,1,0,915779,0,,,,,,,,,,,,,,
Milinda Siriwardana,1,0,0,0,915779,1,,,,,,,,,,,,,,
Tillakaratne Dilshan,1,0,0,0,915779,1,,,,,,,,,,,,,,
Lahiru Thirimanne,0,1,0,0,915779,1,,,,,,,,,,,,,,
Ajantha Mendis,0,1,0,0,915779,1,,,,,,,,,,,,,,
Dinesh Chandimal,1,0,0,0,915779,1,,,,,,,,,,,,,,
Lasith Malinga,0,2,0,0,915779,1,,,,,,,,,,,,,,
Angelo Mathews,0,1,0,0,915779,1,,,,,,,,,,,,,,
Tillakaratne Dilshan,2,0,0,0,915781,1,,,,,,,,,,,,,,
Kusal Perera,3,0,0,0,915781,1,,,,,,,,,,,,,,
Dinesh Chandimal,1,0,0,0,915781,1,,,,,,,,,,,,,,
Nuwan Kulasekara,1,0,0,0,914207,1,,,,,,,,,,,,,,
Suranga Lakmal,1,0,0,0,914207,1,,,,,,,,,,,,,,
Tillakaratne Dilshan,1,0,0,0,914211,1,,,,,,,,,,,,,,
Danushka Gunathilaka,0,0,1,0,914211,0,,,,,,,,,,,,,,
Nuwan Pradeep,1,0,0,0,914211,1,,,,,,,,,,,,,,
Dushmantha Chameera,1,1,0,0,914211,1,,,,,,,,,,,,,,
Angelo Mathews,1,0,0,0,914211,1,,,,,,,,,,,,,,
Chamara Kapugedera,1,0,0,0,914211,1,,,,,,,,,,,,,,
Sachithra Senanayake,1,0,0,0,914211,1,,,,,,,,,,,,,,
Dinesh Chandimal,1,0,0,0,914213,1,,,,,,,,,,,,,,
Dushmantha Chameera,1,0,0,0,914213,1,,,,,,,,,,,,,,
Thisara Perera,1,0,0,0,914215,1,,,,,,,,,,,,,,
Dinesh Chandimal,2,0,0,0,914215,1,,,,,,,,,,,,,,
Milinda Siriwardana,1,0,0,0,914215,1,,,,,,,,,,,,,,
Tillakaratne Dilshan,1,0,0,0,914215,1,,,,,,,,,,,,,,
Kusal Perera,1,0,0,0,913619,1,,,,,,,,,,,,,,
Angelo Mathews,0,0,1,0,913619,0,,,,,,,,,,,,,,
Dinesh Chandimal,3,1,0,0,913619,1,,,,,,,,,,,,,,
Angelo Mathews,2,0,0,0,913621,1,,,,,,,,,,,,,,
Upul Tharanga,0,0,1,0,913621,0,,,,,,,,,,,,,,
Dinesh Chandimal,1,0,0,0,913621,1,,,,,,,,,,,,,,
Danushka Gunathilaka,2,0,0,0,913621,1,,,,,,,,,,,,,,
Kusal Mendis,2,0,0,0,913621,1,,,,,,,,,,,,,,
Farveez Maharoof,1,0,0,0,913621,1,,,,,,,,,,,,,,
Kusal Perera,1,0,0,0,913623,1,,,,,,,,,,,,,,
Dinesh Chandimal,1,0,0,0,913623,1,,,,,,,,,,,,,,
Seekkuge Prasanna,0,0,1,0,913623,0,,,,,,,,,,,,,,
Danushka Gunathilaka,1,0,0,0,913623,1,,,,,,,,,,,,,,
Dasun Shanaka,1,0,0,0,913623,1,,,,,,,,,,,,,,
Kusal Mendis,1,0,1,0,913623,0.5,,,,,,,,,,,,,,
Dinesh Chandimal,1,0,0,0,913627,1,,,,,,,,,,,,,,
Dinesh Chandimal,1,0,0,0,913629,1,,,,,,,,,,,,,,
Suranga Lakmal,0,0,1,0,913629,0,,,,,,,,,,,,,,
Nuwan Pradeep,1,0,0,0,913629,1,,,,,,,,,,,,,,
Danushka Gunathilaka,1,0,0,0,913629,1,,,,,,,,,,,,,,
Kusal Perera,1,0,0,0,913631,1,,,,,,,,,,,,,,
Dinesh Chandimal,0,1,0,0,913631,1,,,,,,,,,,,,,,
Suranga Lakmal,0,0,1,0,913631,0,,,,,,,,,,,,,,
Angelo Mathews,0,0,1,0,913631,0,,,,,,,,,,,,,,
Kusal Mendis,1,0,0,0,913631,1,,,,,,,,,,,,,,
Dasun Shanaka,1,0,0,0,913631,1,,,,,,,,,,,,,,
Nuwan Pradeep,0,1,0,0,913631,1,,,,,,,,,,,,,,
Kusal Perera,1,1,0,0,995457,1,,,,,,,,,,,,,,
Angelo Mathews,1,0,1,0,995457,0.5,,,,,,,,,,,,,,
Danushka Gunathilaka,2,0,0,0,995457,1,,,,,,,,,,,,,,
Tillakaratne Dilshan,1,0,0,0,995457,1,,,,,,,,,,,,,,
Lakshan Sandakan,1,0,0,0,995457,1,,,,,,,,,,,,,,
Dinesh Chandimal,1,1,0,0,995459,1,,,,,,,,,,,,,,
Dilruwan Perera,1,0,0,0,995459,1,,,,,,,,,,,,,,
Danushka Gunathilaka,1,0,0,0,995459,1,,,,,,,,,,,,,,
Tillakaratne Dilshan,2,0,0,0,995459,1,,,,,,,,,,,,,,
Angelo Mathews,1,0,0,0,995459,1,,,,,,,,,,,,,,
Tillakaratne Dilshan,1,0,0,0,995461,1,,,,,,,,,,,,,,
Dinesh Chandimal,1,0,0,0,995461,1,,,,,,,,,,,,,,
Kusal Perera,0,1,0,0,995461,1,,,,,,,,,,,,,,
Dilruwan Perera,1,0,0,0,995461,1,,,,,,,,,,,,,,
Seekkuge Prasanna,1,0,0,0,995461,1,,,,,,,,,,,,,,
Dhananjaya de Silva,1,0,0,0,995465,1,,,,,,,,,,,,,,
Kusal Perera,1,0,0,0,995465,1,,,,,,,,,,,,,,
Danushka Gunathilaka,1,0,0,0,995465,1,,,,,,,,,,,,,,
Suranga Lakmal,1,0,0,0,995465,1,,,,,,,,,,,,,,
Kusal Mendis,2,0,0,0,1059710,1,,,,,,,,,,,,,,
Sachith Pathirana,1,0,0,0,1059710,1,,,,,,,,,,,,,,
Niroshan Dickwella,1,1,0,0,1059710,1,,,,,,,,,,,,,,
Nuwan Kulasekara,1,0,0,0,1059710,1,,,,,,,,,,,,,,
Shehan jayasuriya,1,0,0,0,1059710,1,,,,,,,,,,,,,,
Kusal Perera,1,0,0,0,1059711,1,,,,,,,,,,,,,,
Shehan jayasuriya,0,0,1,0,1059711,0,,,,,,,,,,,,,,
Nuwan Kulasekara,0,2,0,0,1059711,1,,,,,,,,,,,,,,
Niroshan Dickwella,2,0,0,0,1059711,1,,,,,,,,,,,,,,
Dhananjaya de Silva,1,0,0,0,1059711,1,,,,,,,,,,,,,,
Suranga Lakmal,1,0,0,0,1059711,1,,,,,,,,,,,,,,
Kusal Mendis,0,1,0,0,1059713,1,,,,,,,,,,,,,,
Niroshan Dickwella,0,1,0,0,1059713,1,,,,,,,,,,,,,,
Upul Tharanga,1,1,1,0,1059714,0.666666667,,,,,,,,,,,,,,
Kusal Mendis,0,1,1,0,1059714,0.5,,,,,,,,,,,,,,
Niroshan Dickwella,1,1,0,0,1059714,1,,,,,,,,,,,,,,
Nuwan Pradeep,0,1,0,0,1059714,1,,,,,,,,,,,,,,
Dhananjaya de Silva,1,0,0,0,1059714,1,,,,,,,,,,,,,,
Sachith Pathirana,2,0,0,0,1059716,1,,,,,,,,,,,,,,
Dhananjaya de Silva,2,0,0,0,1059716,1,,,,,,,,,,,,,,
Jeffrey Vandersay,1,0,0,0,1059716,1,,,,,,,,,,,,,,
Kusal Mendis,1,0,0,0,1059716,1,,,,,,,,,,,,,,
Niroshan Dickwella,1,0,0,0,1059716,1,,,,,,,,,,,,,,
Sandun Weerakkody,1,0,0,0,936159,1,,,,,,,,,,,,,,
Dinesh Chandimal,0,0,0,1,936159,0,,,,,,,,,,,,,,
Asela Gunaratne,1,0,0,0,936159,1,,,,,,,,,,,,,,
Suranga Lakmal,1,0,1,0,936161,0.5,,,,,,,,,,,,,,
Kusal Mendis,2,0,0,0,936161,1,,,,,,,,,,,,,,
Dinesh Chandimal,1,0,1,0,936161,0.5,,,,,,,,,,,,,,
Dhananjaya de Silva,1,0,1,0,936161,0.5,,,,,,,,,,,,,,
Sachith Pathirana,0,1,0,0,936163,1,,,,,,,,,,,,,,
Dinesh Chandimal,0,0,1,0,936163,0,,,,,,,,,,,,,,
Lahiru Madushanka,0,1,0,0,936163,1,,,,,,,,,,,,,,
Dhananjaya de Silva,1,0,0,0,936163,1,,,,,,,,,,,,,,
Asela Gunaratne,2,0,0,0,936165,1,,,,,,,,,,,,,,
Upul Tharanga,1,0,0,0,936165,1,,,,,,,,,,,,,,
Kusal Mendis,1,0,0,0,936165,1,,,,,,,,,,,,,,
Sandun Weerakkody,1,0,0,0,936167,1,,,,,,,,,,,,,,
Sachith Pathirana,0,0,1,0,936167,0,,,,,,,,,,,,,,
Upul Tharanga,0,0,1,0,936167,0,,,,,,,,,,,,,,
Kusal Mendis,1,0,0,0,936167,1,,,,,,,,,,,,,,
Suranga Lakmal,1,0,0,0,936167,1,,,,,,,,,,,,,,
Lahiru Kumara,1,0,0,0,936167,1,,,,,,,,,,,,,,
Niroshan Dickwella,1,0,0,0,936167,1,,,,,,,,,,,,,,
Asela Gunaratne,1,0,0,0,936167,1,,,,,,,,,,,,,,
Danushka Gunathilaka,1,0,0,0,1083446,1,,,,,,,,,,,,,,
Milinda Siriwardana,0,0,1,0,1083446,0,,,,,,,,,,,,,,
Dinesh Chandimal,1,0,0,0,1083446,1,,,,,,,,,,,,,,
Upul Tharanga,1,0,0,0,1083446,1,,,,,,,,,,,,,,
Lakshan Sandakan,2,0,0,0,1083446,1,,,,,,,,,,,,,,
Nuwan Kulasekara,1,0,0,0,1083448,1,,,,,,,,,,,,,,
Dinesh Chandimal,2,1,0,0,1083448,1,,,,,,,,,,,,,,
Danushka Gunathilaka,1,0,0,0,1083448,1,,,,,,,,,,,,,,
Upul Tharanga,1,0,0,0,1083448,1,,,,,,,,,,,,,,
Seekkuge Prasanna,1,0,0,0,1083448,1,,,,,,,,,,,,,,
Asela Gunaratne,1,0,0,0,1083448,1,,,,,,,,,,,,,,
Kusal Mendis,0,1,0,0,1022351,1,,,,,,,,,,,,,,
Lasith Malinga,0,0,1,0,1022351,0,,,,,,,,,,,,,,
Niroshan Dickwella,1,1,0,0,1022351,1,,,,,,,,,,,,,,
Dinesh Chandimal,1,0,0,0,1022351,1,,,,,,,,,,,,,,
Chamara Kapugedera,1,0,0,0,1022351,1,,,,,,,,,,,,,,
Seekkuge Prasanna,1,0,0,0,1022351,1,,,,,,,,,,,,,,
Upul Tharanga,0,1,0,0,1022351,1,,,,,,,,,,,,,,
Thisara Perera,1,0,0,0,1022361,1,,,,,,,,,,,,,,
Danushka Gunathilaka,0,0,1,0,1022361,0,,,,,,,,,,,,,,
Nuwan Pradeep,0,0,0,1,1022361,0,,,,,,,,,,,,,,
Kusal Mendis,1,0,0,0,1022361,1,,,,,,,,,,,,,,
Niroshan Dickwella,1,0,0,0,1022361,1,,,,,,,,,,,,,,
Dinesh Chandimal,1,0,0,0,1022361,1,,,,,,,,,,,,,,
Kusal Perera,1,0,0,0,1022361,1,,,,,,,,,,,,,,
Kusal Mendis,1,0,0,0,1022369,1,,,,,,,,,,,,,,
Seekkuge Prasanna,0,0,1,0,1022369,0,,,,,,,,,,,,,,
Asela Gunaratne,1,0,0,0,1022369,1,,,,,,,,,,,,,,
Danushka Gunathilaka,0,0,1,0,1022369,0,,,,,,,,,,,,,,
Dhananjaya de Silva,1,0,0,0,1022369,1,,,,,,,,,,,,,,
Nuwan Pradeep,1,0,0,0,1022369,1,,,,,,,,,,,,,,
Niroshan Dickwella,2,0,0,0,1022369,1,,,,,,,,,,,,,,
Thisara Perera,0,1,1,0,1022369,0.5,,,,,,,,,,,,,,
Niroshan Dickwella,1,0,1,0,1104478,0.5,,,,,,,,,,,,,,
Lasith Malinga,0,0,1,0,1104478,0,,,,,,,,,,,,,,
Danushka Gunathilaka,0,0,1,0,1104478,0,,,,,,,,,,,,,,
Asela Gunaratne,1,0,0,0,1104478,1,,,,,,,,,,,,,,
Upul Tharanga,1,0,0,0,1104478,1,,,,,,,,,,,,,,
Asela Gunaratne,1,0,0,0,1104479,1,,,,,,,,,,,,,,
Niroshan Dickwella,2,0,1,0,1104479,0.666666667,,,,,,,,,,,,,,
Danushka Gunathilaka,0,0,1,0,1104479,0,,,,,,,,,,,,,,
Kusal Mendis,0,0,1,0,1104479,0,,,,,,,,,,,,,,
Nuwan Pradeep,2,0,0,0,1104479,1,,,,,,,,,,,,,,
Nuwan Pradeep,1,0,0,0,1104480,1,,,,,,,,,,,,,,
Upul Tharanga,1,0,0,0,1104480,1,,,,,,,,,,,,,,
Kusal Mendis,1,0,0,0,1104480,1,,,,,,,,,,,,,,
Lakshan Sandakan,0,1,0,0,1104480,1,,,,,,,,,,,,,,
Angelo Mathews,1,0,0,0,1104481,1,,,,,,,,,,,,,,
Niroshan Dickwella,1,1,0,0,1104481,1,,,,,,,,,,,,,,
PWH de Silva,1,0,0,0,1104481,1,,,,,,,,,,,,,,
Danushka Gunathilaka,1,0,0,0,1104481,1,,,,,,,,,,,,,,
Nuwan Kulasekara,1,0,0,0,1104482,1,,,,,,,,,,,,,,
PWH de Silva,1,0,0,0,1104482,1,,,,,,,,,,,,,,
Kusal Mendis,2,0,0,0,1104482,1,,,,,,,,,,,,,,
Lasith Malinga,1,0,1,0,1104482,0.5,,,,,,,,,,,,,,
Chamara Kapugedera,0,1,0,0,1109605,1,,,,,,,,,,,,,,
Niroshan Dickwella,0,0,1,0,1109605,0,,,,,,,,,,,,,,
Upul Tharanga,0,0,1,0,1109605,0,,,,,,,,,,,,,,
Angelo Mathews,1,0,0,0,1109606,1,,,,,,,,,,,,,,
Niroshan Dickwella,0,1,0,0,1109606,1,,,,,,,,,,,,,,
Dushmantha Chameera,1,0,0,0,1109607,1,,,,,,,,,,,,,,
Lahiru Thirimanne,1,0,0,0,1109607,1,,,,,,,,,,,,,,
Niroshan Dickwella,1,0,0,0,1109608,1,,,,,,,,,,,,,,
Malinda Pushpakumara,1,0,0,0,1109608,1,,,,,,,,,,,,,,
Akila Dananjaya,0,0,1,0,1109608,0,,,,,,,,,,,,,,
Dilshan Munaweera,1,0,1,0,1109608,0.5,,,,,,,,,,,,,,
PWH de Silva,2,0,0,0,1109608,1,,,,,,,,,,,,,,
Malinda Pushpakumara,1,0,0,0,1109609,1,,,,,,,,,,,,,,
Dilshan Munaweera,1,0,0,0,1109609,1,,,,,,,,,,,,,,
Upul Tharanga,1,0,0,0,1109609,1,,,,,,,,,,,,,,
Niroshan Dickwella,1,0,0,0,1109609,1,,,,,,,,,,,,,,
Akila Dananjaya,2,0,0,0,1120286,1,,,,,,,,,,,,,,
Dinesh Chandimal,0,0,1,0,1120286,0,,,,,,,,,,,,,,
Kusal Mendis,1,0,0,0,1120286,1,,,,,,,,,,,,,,
Thisara Perera,1,0,0,0,1120286,1,,,,,,,,,,,,,,
Upul Tharanga,1,0,0,0,1120286,1,,,,,,,,,,,,,,
Kusal Mendis,2,0,0,0,1120287,1,,,,,,,,,,,,,,
Upul Tharanga,0,0,2,0,1120287,0,,,,,,,,,,,,,,
Milinda Siriwardana,1,0,0,0,1120287,1,,,,,,,,,,,,,,
Niroshan Dickwella,2,0,0,0,1120287,1,,,,,,,,,,,,,,
Akila Dananjaya,1,1,0,0,1120287,1,,,,,,,,,,,,,,
Niroshan Dickwella,1,1,1,0,1120288,0.666666667,,,,,,,,,,,,,,
Niroshan Dickwella,0,1,0,0,1120289,1,,,,,,,,,,,,,,
Seekkuge Prasanna,0,0,1,0,1120289,0,,,,,,,,,,,,,,
Upul Tharanga,0,0,1,0,1120289,0,,,,,,,,,,,,,,
Lahiru Gamage,1,0,0,0,1120289,1,,,,,,,,,,,,,,
Niroshan Dickwella,1,0,0,0,1120290,1,,,,,,,,,,,,,,
Niroshan Dickwella,2,1,0,0,1122726,1,,,,,,,,,,,,,,
Angelo Mathews,2,0,0,0,1122726,1,,,,,,,,,,,,,,
Danushka Gunathilaka,1,0,0,0,1122726,1,,,,,,,,,,,,,,
Lahiru Thirimanne,2,0,0,0,1122727,1,,,,,,,,,,,,,,
Chaturanga de Silva,1,0,0,0,1122727,1,,,,,,,,,,,,,,
Suranga Lakmal,1,0,0,0,1122728,1,,,,,,,,,,,,,,
Angelo Mathews,0,0,1,0,1122728,0,,,,,,,,,,,,,,
Danushka Gunathilaka,1,0,0,0,1130738,1,,,,,,,,,,,,,,
Thisara Perera,0,0,0,1,1130738,0,,,,,,,,,,,,,,
Kusal Mendis,1,0,0,0,1130738,1,,,,,,,,,,,,,,
Angelo Mathews,1,0,0,0,1130738,1,,,,,,,,,,,,,,
Upul Tharanga,1,0,0,0,1130738,1,,,,,,,,,,,,,,
Akila Dananjaya,1,0,0,0,1130738,1,,,,,,,,,,,,,,
Niroshan Dickwella,2,0,0,0,1130739,1,,,,,,,,,,,,,,
Kusal Mendis,0,0,1,0,1130739,0,,,,,,,,,,,,,,
Asela Gunaratne,1,0,0,0,1130739,1,,,,,,,,,,,,,,
Thisara Perera,1,0,0,0,1130739,1,,,,,,,,,,,,,,
Akila Dananjaya,1,0,0,0,1130739,1,,,,,,,,,,,,,,
Upul Tharanga,3,0,1,0,1130740,0.75,,,,,,,,,,,,,,
Niroshan Dickwella,2,1,0,0,1130740,1,,,,,,,,,,,,,,
Kusal Mendis,1,1,0,0,1130740,1,,,,,,,,,,,,,,
Danushka Gunathilaka,1,1,0,0,1130742,1,,,,,,,,,,,,,,
Kusal Mendis,1,0,0,0,1130742,1,,,,,,,,,,,,,,
Dushmantha Chameera,1,0,0,0,1130742,1,,,,,,,,,,,,,,
Shehan Madushanka,1,0,0,0,1130742,1,,,,,,,,,,,,,,
Niroshan Dickwella,2,0,0,0,1130742,1,,,,,,,,,,,,,,
Upul Tharanga,1,0,0,0,1130742,1,,,,,,,,,,,,,,
Akila Dananjaya,2,0,0,0,1130743,1,,,,,,,,,,,,,,
Dushmantha Chameera,0,0,1,0,1130743,0,,,,,,,,,,,,,,
Thisara Perera,0,1,0,0,1130743,1,,,,,,,,,,,,,,
Asela Gunaratne,1,1,0,0,1130743,1,,,,,,,,,,,,,,
Upul Tharanga,2,0,0,0,1130743,1,,,,,,,,,,,,,,
Kusal Mendis,1,0,0,0,1130743,1,,,,,,,,,,,,,,
Suranga Lakmal,1,0,0,0,1142584,1,,,,,,,,,,,,,,
Angelo Mathews,1,0,0,0,1142584,1,,,,,,,,,,,,,,
Suranga Lakmal,1,0,0,0,1142585,1,,,,,,,,,,,,,,
Kasun Rajitha,0,0,1,0,1142585,0,,,,,,,,,,,,,,
Akila Dananjaya,2,0,0,0,1142585,1,,,,,,,,,,,,,,
Kusal Perera,1,0,1,0,1142585,0.5,,,,,,,,,,,,,,
Kusal Mendis,2,0,0,0,1142585,1,,,,,,,,,,,,,,
Kusal Perera,1,0,0,0,1142586,1,,,,,,,,,,,,,,
Suranga Lakmal,1,0,0,0,1142586,1,,,,,,,,,,,,,,
Dhananjaya de Silva,2,0,0,0,1142586,1,,,,,,,,,,,,,,
Lahiru Kumara,1,0,0,0,1142587,1,,,,,,,,,,,,,,
Suranga Lakmal,0,0,1,0,1142587,0,,,,,,,,,,,,,,
Dhananjaya de Silva,2,0,0,0,1142587,1,,,,,,,,,,,,,,
Dasun Shanaka,0,1,0,0,1142587,1,,,,,,,,,,,,,,
Angelo Mathews,1,0,0,0,1142587,1,,,,,,,,,,,,,,
Akila Dananjaya,1,0,0,0,1142588,1,,,,,,,,,,,,,,
Dhananjaya de Silva,2,0,0,0,1142588,1,,,,,,,,,,,,,,
Niroshan Dickwella,1,0,0,0,1142588,1,,,,,,,,,,,,,,
Suranga Lakmal,1,0,0,0,1142588,1,,,,,,,,,,,,,,
Kusal Mendis,2,1,0,0,1153243,1,,,,,,,,,,,,,,
Dilruwan Perera,0,0,1,0,1153243,0,,,,,,,,,,,,,,
Angelo Mathews,0,0,1,0,1153243,0,,,,,,,,,,,,,,
Kusal Perera,2,1,0,0,1153243,1,,,,,,,,,,,,,,
Dhananjaya de Silva,1,0,1,0,1153243,0.5,,,,,,,,,,,,,,
Suranga Lakmal,1,0,0,0,1153243,1,,,,,,,,,,,,,,
Upul Tharanga,1,0,0,0,1153243,1,,,,,,,,,,,,,,
Thisara Perera,2,0,0,0,1153245,1,,,,,,,,,,,,,,
Dasun Shanaka,0,0,1,0,1153245,0,,,,,,,,,,,,,,
Akila Dananjaya,1,0,0,0,1153245,1,,,,,,,,,,,,,,
Sadeera Samarawickrama,1,0,0,0,1140379,1,,,,,,,,,,,,,,
Niroshan Dickwella,1,0,0,0,1140379,1,,,,,,,,,,,,,,
Akila Dananjaya,2,0,0,0,1140380,1,,,,,,,,,,,,,,
Lasith Malinga,1,0,0,0,1140380,1,,,,,,,,,,,,,,
Dhananjaya de Silva,1,0,1,0,1140380,0.5,,,,,,,,,,,,,,
Thisara Perera,1,0,0,0,1140381,1,,,,,,,,,,,,,,
Niroshan Dickwella,0,1,0,0,1140382,1,,,,,,,,,,,,,,
Kusal Mendis,1,0,0,0,1140383,1,,,,,,,,,,,,,,
Sadeera Samarawickrama,1,0,0,0,1140383,1,,,,,,,,,,,,,,
Niroshan Dickwella,1,0,0,0,1140383,1,,,,,,,,,,,,,,
Thisara Perera,1,0,0,0,1140383,1,,,,,,,,,,,,,,
Dinesh Chandimal,1,0,0,0,1140383,1,,,,,,,,,,,,,,
Lakshan Sandakan,1,0,0,0,1140383,1,,,,,,,,,,,,,,
Lakshan Sandakan,2,0,1,0,1153840,0.666666667,,,,,,,,,,,,,,
Seekkuge Prasanna,1,0,0,0,1153840,1,,,,,,,,,,,,,,
Thisara Perera,1,1,0,0,1153840,1,,,,,,,,,,,,,,
Kusal Perera,1,0,0,0,1153840,1,,,,,,,,,,,,,,
Niroshan Dickwella,2,1,0,0,1153841,1,,,,,,,,,,,,,,
Dinesh Chandimal,0,0,1,0,1153841,0,,,,,,,,,,,,,,
Thisara Perera,0,2,0,0,1153841,1,,,,,,,,,,,,,,
Lakshan Sandakan,1,1,0,0,1153841,1,,,,,,,,,,,,,,
Kusal Perera,0,1,0,0,1153841,1,,,,,,,,,,,,,,
Nuwan Pradeep,0,1,0,0,1153841,1,,,,,,,,,,,,,,
Kusal Mendis,1,0,0,0,1153842,1,,,,,,,,,,,,,,
Nuwan Pradeep,0,0,1,0,1153842,0,,,,,,,,,,,,,,
Lakshan Sandakan,0,0,1,0,1153842,0,,,,,,,,,,,,,,
Dhananjaya de Silva,2,0,0,0,1153842,1,,,,,,,,,,,,,,
Niroshan Dickwella,1,0,0,0,1144167,1,,,,,,,,,,,,,,
Lakshan Sandakan,0,0,1,0,1144167,0,,,,,,,,,,,,,,
Niroshan Dickwella,2,2,0,0,1144168,1,,,,,,,,,,,,,,
Akila Dananjaya,1,0,0,0,1144168,1,,,,,,,,,,,,,,
Kasun Rajitha,1,0,0,0,1144168,1,,,,,,,,,,,,,,
Avishka Fernando,1,0,0,0,1144168,1,,,,,,,,,,,,,,
Niroshan Dickwella,2,0,0,0,1144169,1,,,,,,,,,,,,,,
Lasith Malinga,1,0,0,0,1144169,1,,,,,,,,,,,,,,
Oshada Fernando,0,0,1,0,1144169,0,,,,,,,,,,,,,,
Upul Tharanga,1,0,0,0,1144170,1,,,,,,,,,,,,,,
Thisara Perera,1,0,0,0,1144170,1,,,,,,,,,,,,,,
Dhananjaya de Silva,1,0,0,0,1144170,1,,,,,,,,,,,,,,
Priyamal Perera,1,0,0,0,1144170,1,,,,,,,,,,,,,,
Avishka Fernando,1,0,0,0,1144171,1,,,,,,,,,,,,,,
Oshada Fernando,0,0,1,0,1144171,0,,,,,,,,,,,,,,
Kusal Mendis,1,0,0,0,1144171,1,,,,,,,,,,,,,,
Avishka Fernando,2,0,0,0,1169332,1,,,,,,,,,,,,,,
Lahiru Thirimanne,1,0,0,0,1169332,1,,,,,,,,,,,,,,
Kusal Mendis,1,0,0,0,1169332,1,,,,,,,,,,,,,,
Dimuth Karunaratne,1,1,0,0,1169332,1,,,,,,,,,,,,,,
Thisara Perera,0,1,0,0,1169332,1,,,,,,,,,,,,,,
Dhananjaya de Silva,0,2,0,0,1169332,1,,,,,,,,,,,,,,
Dimuth Karunaratne,1,1,0,0,1144489,1,,,,,,,,,,,,,,
Kusal Mendis,0,0,1,0,1144489,0,,,,,,,,,,,,,,
Thisara Perera,1,0,0,0,1144489,1,,,,,,,,,,,,,,
Angelo Mathews,1,0,0,0,1144489,1,,,,,,,,,,,,,,
Kusal Perera,1,0,0,0,1144489,1,,,,,,,,,,,,,,
Dimuth Karunaratne,1,0,0,0,1144502,1,,,,,,,,,,,,,,
Isuru Udana,1,2,0,0,1144502,1,,,,,,,,,,,,,,
Milinda Siriwardana,1,0,0,0,1144502,1,,,,,,,,,,,,,,
Kusal Mendis,1,0,0,0,1144509,1,,,,,,,,,,,,,,
Kusal Perera,4,0,0,0,1144509,1,,,,,,,,,,,,,,
Isuru Udana,2,0,0,0,1144509,1,,,,,,,,,,,,,,
Thisara Perera,1,0,0,0,1144509,1,,,,,,,,,,,,,,
Jeffrey Vandersay,1,0,0,0,1144521,1,,,,,,,,,,,,,,
Kusal Perera,2,0,0,0,1144521,1,,,,,,,,,,,,,,
Dhananjaya de Silva,0,1,0,0,1144521,1,,,,,,,,,,,,,,
Jeevan Mendis,1,0,0,0,1144521,1,,,,,,,,,,,,,,
Kusal Mendis,0,0,1,0,1144521,0,,,,,,,,,,,,,,
Isuru Udana,0,2,0,0,1144521,1,,,,,,,,,,,,,,
Kasun Rajitha,0,1,0,0,1144521,1,,,,,,,,,,,,,,
Kusal Perera,1,0,0,0,1144526,1,,,,,,,,,,,,,,
Angelo Mathews,1,0,0,0,1144526,1,,,,,,,,,,,,,,
Kusal Mendis,2,1,0,0,1193504,1,,,,,,,,,,,,,,
PWH de Silva,1,0,0,0,1193504,1,,,,,,,,,,,,,,
Avishka Fernando,1,0,0,0,1193504,1,,,,,,,,,,,,,,
Thisara Perera,1,0,0,0,1193504,1,,,,,,,,,,,,,,
Kusal Mendis,1,0,1,0,1193505,0.5,,,,,,,,,,,,,,
Akila Dananjaya,0,0,1,0,1193505,0,,,,,,,,,,,,,,
Dhananjaya de Silva,0,1,0,0,1193505,1,,,,,,,,,,,,,,
Kusal Perera,1,2,0,0,1193505,1,,,,,,,,,,,,,,
Dimuth Karunaratne,1,0,0,0,1193505,1,,,,,,,,,,,,,,
Nuwan Pradeep,0,1,0,0,1193505,1,,,,,,,,,,,,,,
Avishka Fernando,1,0,0,0,1193506,1,,,,,,,,,,,,,,
Kusal Perera,2,2,0,0,1193506,1,,,,,,,,,,,,,,
Kusal Mendis,1,0,0,0,1193506,1,,,,,,,,,,,,,,
Lahiru Kumara,1,0,0,0,1193506,1,,,,,,,,,,,,,,
Dhananjaya de Silva,2,0,0,0,1193506,1,,,,,,,,,,,,,,
Dimuth Karunaratne,0,1,0,0,1193506,1,,,,,,,,,,,,,,
Isuru Udana,1,0,1,0,1198487,0.5,,,,,,,,,,,,,,
PWH de Silva,1,1,0,0,1198487,1,,,,,,,,,,,,,,
Sadeera Samarawickrama,0,1,0,0,1198487,1,,,,,,,,,,,,,,
Nuwan Pradeep,0,2,1,0,1198487,0.666666667,,,,,,,,,,,,,,
Lahiru Thirimanne,0,1,0,0,1198487,1,,,,,,,,,,,,,,
Oshada Fernando,1,0,0,0,1198487,1,,,,,,,,,,,,,,
Dasun Shanaka,1,0,0,0,1198488,1,,,,,,,,,,,,,,
Danushka Gunathilaka,0,0,1,0,1198488,0,,,,,,,,,,,,,,
Sadeera Samarawickrama,0,0,1,0,1198488,0,,,,,,,,,,,,,,
,,,,,,,,,,,,,,,,,,,,
,,,,,,,,,,,,,,,,,,,,
,,,,,,,,,,,,,,,,,,,,
,,,,,,,,,,,,,,,,,,,,
,,,,,,,,,,,,,,,,,,,,
,,,,,,,,,,,,,,,,,,,,
,,,,,,,,,,,,,,,,,,,,
,,,,,,,,,,,,,,,,,,,,
,,,,,,,,,,,,,,,,,,,,
,,,,,,,,,,,,,,,,,,,,
,,,,,,,,,,,,,,,,,,,,
,,,,,,,,,,,,,,,,,,,,
,,,,,,,,,,,,,,,,,,,,
,,,,,,,,,,,,,,,,,,,,
,,,,,,,,,,,,,,,,,,,,
,,,,,,,,,,,,,,,,,,,,
,,,,,,,,,,,,,,,,,,,,
,,,,,,,,,,,,,,,,,,,,
,,,,,,,,,,,,,,,,,,,,
,,,,,,,,,,,,,,,,,,,,
,,,,,,,,,,,,,,,,,,,,
,,,,,,,,,,,,,,,,,,,,
,,,,,,,,,,,,,,,,,,,,
,,,,,,,,,,,,,,,,,,,,
,,,,,,,,,,,,,,,,,,,,
,,,,,,,,,,,,,,,,,,,,
,,,,,,,,,,,,,,,,,,,,
,,,,,,,,,,,,,,,,,,,,
,,,,,,,,,,,,,,,,,,,,
,,,,,,,,,,,,,,,,,,,,
,,,,,,,,,,,,,,,,,,,,
,,,,,,,,,,,,,,,,,,,,
,,,,,,,,,,,,,,,,,,,,
,,,,,,,,,,,,,,,,,,,,
,,,,,,,,,,,,,,,,,,,,
,,,,,,,,,,,,,,,,,,,,
,,,,,,,,,,,,,,,,,,,,
,,,,,,,,,,,,,,,,,,,,
,,,,,,,,,,,,,,,,,,,,
,,,,,,,,,,,,,,,,,,,,
,,,,,,,,,,,,,,,,,,,,
,,,,,,,,,,,,,,,,,,,,
,,,,,,,,,,,,,,,,,,,,
