Name,Overs,Balls,Maidens,Runs,Wickets,Econ,Dots,4s,6s,Wd,Nb,Match_Id
Nuwan Kulasekara,10,60,1,46,1,4.6,28,2,0,1,0,434258
Chanaka Welegedara,8,48,0,39,0,4.88,27,5,0,1,0,434258
Tillakaratne Dilshan,3,18,0,16,1,5.33,11,1,0,1,0,434258
Suranga Lakmal,9,54,1,63,2,7,32,8,2,5,0,434258
Suraj Randiv,10,60,0,51,2,5.1,28,3,1,2,0,434258
Thilina Kandamby,5,30,0,21,0,4.2,15,1,0,0,0,434258
Muthumudalige Pushpakumara,5,30,0,21,0,4.2,12,0,0,1,0,434258
Chanaka Welegedara,10,60,1,66,5,6.6,33,7,0,4,4,434259
Suranga Lakmal,8,48,1,48,0,6,23,7,0,1,0,434259
Thilan Thushara,10,60,0,62,2,6.2,29,7,1,1,0,434259
Suraj Randiv,10,60,0,36,0,3.6,35,2,0,0,0,434259
Thilina Kandamby,4,24,1,22,0,5.5,14,0,2,1,0,434259
Thilan Samaraweera,2,12,0,12,0,6,4,1,0,0,0,434259
Thisara Perera,6,36,0,27,2,4.5,21,3,0,1,0,434259
Nuwan Kulasekara,10,60,1,48,2,4.8,39,7,0,2,0,434261
Thilan Thushara,9,54,0,67,1,7.44,26,5,2,5,0,434261
Suraj Randiv,10,60,1,40,2,4,33,4,0,0,0,434261
Thisara Perera,10,60,0,32,2,3.2,34,0,0,1,0,434261
Malinga Bandara,10,60,0,44,0,4.4,27,1,0,1,0,434261
Thilan Samaraweera,1,6,0,17,0,17,0,0,2,0,0,434261
Chanaka Welegedara,5.4,34,0,51,0,9,17,8,0,0,2,434262
Suranga Lakmal,10,60,0,75,0,7.5,29,12,0,1,3,434262
Thilan Thushara,6,36,0,33,1,5.5,18,4,0,1,0,434262
Suraj Randiv,6,36,0,19,0,3.17,23,0,0,0,0,434262
Thisara Perera,5,30,1,32,1,6.4,15,4,0,0,0,434262
Nuwan Kulasekara,10,60,0,48,4,4.8,39,6,1,1,0,434264
Chanaka Welegedara,10,60,1,53,3,5.3,31,6,0,0,0,434264
Thilan Thushara,6,36,1,26,0,4.33,22,2,0,2,0,434264
Suraj Randiv,9,54,0,47,1,5.22,29,4,1,1,0,434264
Thisara Perera,8.2,50,0,49,1,5.88,20,4,0,1,0,434264
Tillakaratne Dilshan,5,30,0,18,1,3.6,14,0,0,1,0,434264
Nuwan Kulasekara,9,54,1,34,1,3.78,33,3,0,1,0,452147
Dilhara Fernando,8.3,51,0,58,0,6.82,20,3,1,2,0,452147
Ajantha Mendis,10,60,0,64,1,6.4,20,6,0,0,0,452147
Suraj Randiv,9,54,0,51,1,5.67,20,3,1,0,0,452147
Thisara Perera,7,42,0,35,0,5,17,2,0,0,0,452147
Nuwan Kulasekara,4,24,0,12,0,3,15,0,0,0,0,452148
Dilhara Fernando,4.5,29,0,26,2,5.38,14,3,0,1,0,452148
Ajantha Mendis,6,36,0,21,2,3.5,22,0,0,1,1,452148
Thisara Perera,1,6,0,16,0,16,1,1,1,1,0,452148
Suraj Randiv,5,30,0,23,3,4.6,13,0,1,0,0,452148
Jeevan Mendis,4,24,0,12,2,3,14,0,0,1,0,452148
Nuwan Kulasekara,9,54,1,47,1,5.22,32,6,1,0,0,452150
Thilan Thushara,9,54,1,57,3,6.33,28,7,0,4,1,452150
Thisara Perera,4,24,0,33,1,8.25,11,6,0,1,0,452150
Ajantha Mendis,10,60,0,54,0,5.4,28,3,2,0,0,452150
Jeevan Mendis,6,36,0,29,0,4.83,13,1,0,1,0,452150
Suraj Randiv,10,60,1,38,2,3.8,26,1,0,0,0,452150
Tillakaratne Dilshan,2,12,0,5,1,2.5,7,0,0,0,0,452150
Thilan Thushara,9.5,59,1,50,1,5.08,35,2,1,6,0,452151
Dilhara Fernando,9,54,0,37,0,4.11,31,2,1,0,1,452151
Thisara Perera,2,12,0,24,0,12,4,5,0,0,0,452151
Suraj Randiv,9,54,0,38,0,4.22,31,2,1,0,0,452151
Jeevan Mendis,8,48,0,42,0,5.25,15,1,0,1,0,452151
Tillakaratne Dilshan,8,48,0,35,1,4.38,18,1,0,0,0,452151
Chamara Kapugedera,2,12,0,8,0,4,5,0,0,0,0,452151
Nuwan Kulasekara,7,42,2,17,1,2.43,33,2,0,2,0,452152
Dilhara Fernando,9,54,0,36,3,4,35,3,0,4,0,452152
Ajantha Mendis,10,60,1,44,2,4.4,29,2,0,0,0,452152
Angelo Mathews,4,24,0,14,0,3.5,14,1,0,0,0,452152
Suraj Randiv,8,48,0,36,0,4.5,25,2,0,0,0,452152
Jeevan Mendis,9,54,0,36,2,4,26,1,0,1,0,452152
Tillakaratne Dilshan,2,12,0,14,0,7,3,1,0,1,0,452152
Nuwan Kulasekara,9,54,1,25,0,2.78,40,1,0,2,0,455231
Lasith Malinga,10,60,0,34,5,3.4,40,2,0,3,0,455231
Angelo Mathews,10,60,1,38,2,3.8,35,3,0,3,0,455231
Farveez Maharoof,8,48,0,53,0,6.63,23,3,2,1,0,455231
Muttiah Muralitharan,10,60,0,71,1,7.1,30,3,5,1,0,455231
Nuwan Kulasekara,6,36,0,39,1,6.5,21,7,0,2,0,455233
Lasith Malinga,8.2,50,0,35,2,4.2,31,3,0,3,0,455233
Tillakaratne Dilshan,10,60,0,37,3,3.7,36,1,0,3,0,455233
Muttiah Muralitharan,8,48,0,38,2,4.75,26,2,1,0,0,455233
Chanaka Welegedara,8,48,2,31,2,3.88,34,4,0,2,1,455233
Chanaka Welegedara,7.3,45,0,42,0,5.6,26,6,0,0,0,455236
Farveez Maharoof,10,60,1,42,5,4.2,36,5,0,1,0,455236
Angelo Mathews,6,36,0,37,1,6.17,18,5,0,0,0,455236
Rangana Herath,7,42,0,31,2,4.43,21,2,0,0,0,455236
Suraj Randiv,9,54,1,40,0,4.44,34,4,1,2,0,455236
Thilina Kandamby,3,18,0,14,0,4.67,9,1,0,0,0,455236
Nuwan Kulasekara,9,54,0,44,1,4.89,27,3,0,2,0,455237
Lasith Malinga,10,60,0,57,2,5.7,30,5,0,6,1,455237
Farveez Maharoof,6,36,0,41,0,6.83,18,5,1,0,0,455237
Angelo Mathews,3,18,1,16,0,5.33,11,3,0,0,0,455237
Muttiah Muralitharan,10,60,0,34,0,3.4,35,3,0,0,0,455237
Thilina Kandamby,7,42,0,37,2,5.29,14,2,0,0,0,455237
Tillakaratne Dilshan,5,30,0,30,0,6,13,3,0,1,0,455237
Lasith Malinga,10,60,1,35,3,3.5,40,1,0,4,3,456664
Nuwan Kulasekara,8.1,49,1,35,1,4.29,31,5,0,1,0,456664
Angelo Mathews,10,60,1,36,3,3.6,43,4,0,1,0,456664
Ajantha Mendis,10,60,0,42,1,4.2,33,1,1,1,0,456664
Rangana Herath,10,60,0,35,2,3.5,32,1,0,0,0,456664
Lasith Malinga,7,42,0,34,0,4.86,24,4,0,0,2,456663
Nuwan Kulasekara,5,30,0,23,0,4.6,18,2,0,1,0,456663
Angelo Mathews,7,42,1,32,2,4.57,29,4,1,0,1,456663
Dilhara Fernando,8,48,0,33,2,4.13,28,3,0,0,2,456663
Suraj Randiv,7.3,45,0,38,0,5.07,21,2,1,0,1,456663
Lasith Malinga,9,54,1,21,2,2.33,43,2,0,2,0,456666
Nuwan Kulasekara,9,54,2,31,2,3.44,39,4,0,1,0,456666
Angelo Mathews,8,48,3,20,1,2.5,38,3,0,1,0,456666
Thisara Perera,7.4,46,1,28,5,3.65,35,3,1,1,0,456666
Lasith Malinga,9,54,0,49,2,5.44,28,5,0,1,2,456668
Nuwan Kulasekara,9,54,0,47,0,5.22,37,7,1,2,0,456668
Angelo Mathews,10,60,0,48,1,4.8,33,5,0,2,2,456668
Thisara Perera,9,54,2,36,3,4,34,3,1,2,0,456668
Suraj Randiv,9.5,59,1,40,3,4.07,38,2,2,1,0,456668
Lasith Malinga,10,60,0,39,1,3.9,35,1,0,3,0,446957
Nuwan Kulasekara,10,60,0,60,1,6,26,6,0,0,0,446957
Thisara Perera,8,48,0,46,5,5.75,21,4,0,1,0,446957
Muttiah Muralitharan,9,54,0,36,0,4,28,2,0,0,0,446957
Suraj Randiv,9,54,0,35,1,3.89,25,1,0,0,0,446957
Tillakaratne Dilshan,4,24,0,17,0,4.25,8,0,0,0,0,446957
Lasith Malinga,7.4,46,0,34,1,4.43,25,1,0,2,0,446958
Nuwan Kulasekara,8,48,1,48,2,6,25,3,1,0,0,446958
Thisara Perera,8,48,0,39,2,4.88,23,1,1,1,0,446958
Muttiah Muralitharan,7,42,0,30,2,4.29,17,1,0,0,0,446958
Suraj Randiv,7,42,0,53,2,7.57,12,2,1,0,0,446958
Lasith Malinga,6,36,0,31,0,5.17,23,2,0,5,0,446959
Dilhara Fernando,8,48,0,47,2,5.88,31,4,0,3,5,446959
Thisara Perera,4.4,28,1,19,0,4.07,20,3,0,0,0,446959
Jeevan Mendis,1,6,0,10,0,10,1,1,0,0,0,446959
Suraj Randiv,2,12,0,11,0,5.5,7,0,1,0,0,446959
Lasith Malinga,10,60,0,51,3,5.1,29,4,0,2,0,464990
Nuwan Kulasekara,10,60,2,35,1,3.5,39,1,1,0,0,464990
Angelo Mathews,7,42,0,35,0,5,21,2,1,0,0,464990
Muttiah Muralitharan,10,60,0,42,0,4.2,34,3,0,0,0,464990
Ajantha Mendis,9,54,0,50,0,5.56,22,2,1,2,0,464990
Chamara Kapugedera,2,12,0,11,0,5.5,4,1,0,0,0,464990
Tillakaratne Dilshan,2,12,0,19,0,9.5,1,0,1,0,0,464990
Lasith Malinga,10,60,0,30,3,3,40,1,0,2,0,464991
Nuwan Kulasekara,10,60,1,42,2,4.2,36,2,1,1,0,464991
Angelo Mathews,4,24,0,20,0,5,16,4,0,0,0,464991
Muttiah Muralitharan,10,60,2,42,2,4.2,36,0,2,3,0,464991
Tillakaratne Dilshan,7,42,0,27,0,3.86,26,1,0,1,0,464991
Rangana Herath,9,54,1,33,1,3.67,33,1,1,1,0,464991
Dilhara Fernando,10,60,1,45,2,4.5,36,4,1,2,0,464992
Thisara Perera,9,54,2,36,3,4,36,4,0,0,0,464992
Angelo Mathews,6,36,0,33,0,5.5,16,3,0,2,0,464992
Ajantha Mendis,10,60,1,46,4,4.6,31,2,0,1,0,464992
Chamara Kapugedera,1,6,0,7,0,7,3,1,0,1,0,464992
Tillakaratne Dilshan,3,18,0,25,0,8.33,5,1,1,0,0,464992
Rangana Herath,10,60,0,54,1,5.4,29,2,2,1,0,464992
Nuwan Kulasekara,6,36,2,16,3,2.67,26,2,0,0,0,433560
Thisara Perera,7,42,0,24,3,3.43,30,3,0,0,0,433560
Ajantha Mendis,7.5,47,3,18,1,2.3,37,2,0,1,0,433560
Muttiah Muralitharan,9,54,0,38,2,4.22,37,2,2,3,1,433560
Tillakaratne Dilshan,5,30,0,14,0,2.8,17,0,0,0,0,433560
Thilan Samaraweera,2,12,0,4,1,2,8,0,0,0,0,433560
Nuwan Kulasekara,10,60,1,64,0,6.4,33,9,1,1,0,433567
Thisara Perera,9,54,0,62,2,6.89,28,9,0,2,0,433567
Angelo Mathews,10,60,0,56,1,5.6,25,5,0,0,0,433567
Muttiah Muralitharan,10,60,0,35,1,3.5,28,0,0,2,0,433567
Rangana Herath,10,60,0,46,2,4.6,26,1,0,0,0,433567
Tillakaratne Dilshan,1,6,0,10,0,10,0,1,0,0,0,433567
Lasith Malinga,7.4,46,0,38,6,4.96,35,5,0,3,2,433571
Nuwan Kulasekara,9,54,1,18,1,2,41,1,0,0,0,433571
Angelo Mathews,7,42,0,20,1,2.86,29,2,0,1,0,433571
Ajantha Mendis,9,54,2,23,0,2.56,41,2,0,0,0,433571
Muttiah Muralitharan,8,48,0,24,1,3,28,0,0,0,0,433571
Chamara Silva,3,18,0,12,0,4,8,0,0,1,0,433571
Lasith Malinga,8,48,0,51,0,6.38,27,6,0,7,0,433583
Nuwan Kulasekara,8,48,0,33,0,4.13,31,3,0,1,0,433583
Thisara Perera,6,36,0,33,1,5.5,20,3,1,0,0,433583
Muttiah Muralitharan,9,54,0,34,3,3.78,28,2,0,0,0,433583
Angelo Mathews,5,30,0,29,2,5.8,12,3,0,0,0,433583
Tillakaratne Dilshan,3,18,1,4,4,1.33,15,0,0,0,0,433583
Lasith Malinga,5,30,0,38,1,7.6,15,5,1,3,0,433594
Nuwan Kulasekara,7,42,0,19,1,2.71,31,2,0,2,0,433594
Angelo Mathews,3,18,0,19,1,6.33,8,2,0,0,0,433594
Ajantha Mendis,6,36,0,24,2,4,20,2,0,1,0,433594
Tillakaratne Dilshan,6,36,0,24,1,4,14,0,0,0,0,433594
Muttiah Muralitharan,8,48,0,25,4,3.13,33,2,0,0,1,433594
Lasith Malinga,10,60,0,46,1,4.6,30,3,0,2,0,433603
Tillakaratne Dilshan,6,36,1,25,1,4.17,19,1,0,1,0,433603
Angelo Mathews,5,30,0,20,1,4,20,2,0,0,0,433603
Rangana Herath,10,60,1,47,0,4.7,27,3,0,0,0,433603
Ajantha Mendis,10,60,0,34,1,3.4,29,0,0,0,0,433603
Muttiah Muralitharan,9,54,0,54,2,6,20,3,0,1,0,433603
Lasith Malinga,9,54,0,55,3,6.11,30,8,0,0,1,433604
Rangana Herath,9,54,1,31,1,3.44,33,1,1,1,0,433604
Angelo Mathews,6,36,0,27,0,4.5,21,3,0,0,0,433604
Ajantha Mendis,9.5,59,0,35,3,3.56,35,2,0,0,0,433604
Muttiah Muralitharan,10,60,1,42,2,4.2,36,2,1,2,0,433604
Tillakaratne Dilshan,5,30,0,22,1,4.4,12,0,0,1,0,433604
Lasith Malinga,9,54,0,42,2,4.67,31,4,0,2,0,433606
Nuwan Kulasekara,8.2,50,0,64,0,7.68,20,8,1,0,0,433606
Thisara Perera,9,54,0,55,1,6.11,27,5,1,2,0,433606
Suraj Randiv,9,54,0,43,0,4.78,24,3,0,0,0,433606
Tillakaratne Dilshan,5,30,0,27,1,5.4,14,2,0,1,0,433606
Muttiah Muralitharan,8,48,0,39,0,4.88,23,3,0,1,0,433606
Lasith Malinga,7,42,0,40,3,5.71,19,5,0,0,1,474467
Nuwan Kulasekara,6,36,1,31,0,5.17,21,5,0,0,0,474467
Suranga Lakmal,7,42,0,52,2,7.43,19,4,1,4,0,474467
Sanath Jayasuriya,6,36,0,46,1,7.67,7,2,0,2,0,474467
Suraj Randiv,4,24,0,34,1,8.5,8,4,1,0,0,474467
Jeevan Mendis,2,12,0,18,1,9,6,4,0,0,0,474467
Tillakaratne Dilshan,4,24,0,29,0,7.25,8,1,1,1,0,474468
Nuwan Kulasekara,9,54,0,39,1,4.33,30,4,0,0,0,474468
Lasith Malinga,8,48,0,41,1,5.13,27,5,0,2,0,474468
Suranga Lakmal,7.5,47,0,43,3,5.49,21,4,0,1,0,474468
Suraj Randiv,9,54,0,43,3,4.78,26,2,1,1,0,474468
Jeevan Mendis,6,36,0,31,2,5.17,19,1,2,1,0,474468
Angelo Mathews,2,12,0,13,0,6.5,2,0,0,0,0,474468
Angelo Mathews,1,6,0,4,0,4,5,1,0,0,0,474469
Lasith Malinga,10,60,1,54,2,5.4,29,5,1,1,0,474469
Nuwan Kulasekara,10,60,1,40,0,4,39,5,0,3,0,474469
Suranga Lakmal,10,60,0,62,2,6.2,27,8,0,1,0,474469
Jeevan Mendis,10,60,0,40,2,4,28,2,0,0,0,474469
Suraj Randiv,8,48,0,33,0,4.13,16,0,0,0,0,474469
Thilina Kandamby,1,6,0,9,0,9,0,1,0,0,0,474469
Nuwan Kulasekara,3.5,23,0,36,0,9.39,12,6,1,0,0,474470
Lasith Malinga,5,30,0,28,0,5.6,20,5,0,3,0,474470
Suranga Lakmal,2,12,0,12,0,6,9,3,0,0,0,474470
Angelo Mathews,3,18,0,22,0,7.33,7,3,0,0,0,474470
Suraj Randiv,5,30,0,32,0,6.4,12,2,1,0,0,474470
Tillakaratne Dilshan,3,18,0,21,0,7,7,3,0,1,0,474470
Jeevan Mendis,2,12,0,20,0,10,4,2,1,0,0,474470
Tillakaratne Dilshan,10,60,0,49,1,4.9,32,2,0,4,0,474471
Nuwan Kulasekara,8,48,0,51,0,6.38,23,4,1,1,0,474471
Lasith Malinga,10,60,0,60,0,6,29,5,0,1,0,474471
Dhammika Prasad,6,36,0,26,2,4.33,21,1,0,1,0,474471
Suraj Randiv,10,60,0,42,5,4.2,25,0,0,0,0,474471
Jeevan Mendis,6,36,0,33,0,5.5,8,1,0,0,0,474471
Lasith Malinga,9.4,58,2,30,5,3.1,45,3,0,5,0,506208
Dhammika Prasad,7,42,1,17,3,2.43,32,2,0,2,0,506208
Thisara Perera,6,36,0,20,1,3.33,27,3,0,1,0,506208
Ajantha Mendis,8,48,2,24,1,3,37,2,0,1,2,506208
Jeevan Mendis,2,12,0,6,0,3,6,0,0,0,0,506208
Nuwan Kulasekara,5,30,1,21,0,4.2,20,1,1,0,0,516206
Suranga Lakmal,5,30,0,39,0,7.8,15,6,1,1,0,516206
Ajantha Mendis,6,36,0,32,1,5.33,19,1,2,0,0,516206
Suraj Randiv,8.1,49,0,44,2,5.39,29,4,2,0,0,516206
Jeevan Mendis,9,54,0,37,0,4.11,19,0,0,0,0,516206
Tillakaratne Dilshan,5,30,1,18,0,3.6,16,0,0,1,0,516206
Lasith Malinga,8,48,0,45,1,5.63,30,5,0,5,1,516207
Nuwan Kulasekara,7,42,1,38,1,5.43,28,5,1,0,0,516207
Angelo Mathews,3,18,0,18,0,6,10,3,0,0,0,516207
Rangana Herath,8.2,50,0,57,0,6.84,18,3,2,1,0,516207
Ajantha Mendis,6,36,0,23,0,3.83,18,1,0,0,0,516207
Jeevan Mendis,3,18,0,12,0,4,8,0,0,0,0,516207
Tillakaratne Dilshan,3,18,0,16,0,5.33,9,0,1,0,0,516207
Lasith Malinga,8.2,50,2,28,5,3.36,37,3,0,3,1,516208
Nuwan Kulasekara,10,60,1,50,1,5,38,7,1,0,0,516208
Shaminda Eranga,7,42,0,38,2,5.43,22,3,0,5,0,516208
Tillakaratne Dilshan,10,60,0,39,0,3.9,29,2,0,0,0,516208
Jeevan Mendis,1,6,0,5,0,5,1,0,0,0,0,516208
Ajantha Mendis,8,48,0,38,1,4.75,18,1,0,0,0,516208
Lasith Malinga,7,42,2,18,2,2.57,31,2,0,0,0,516209
Ajantha Mendis,7,42,0,31,0,4.43,26,3,0,1,0,516209
Tillakaratne Dilshan,2,12,0,17,0,8.5,7,4,0,0,0,516209
Nuwan Kulasekara,2,12,0,13,0,6.5,8,3,0,0,0,516209
Shaminda Eranga,4,24,0,16,0,4,17,2,0,1,0,516209
Seekkuge Prasanna,6,36,1,32,3,5.33,25,5,1,0,0,516209
Lasith Malinga,8,48,2,35,3,4.38,34,5,0,2,2,516210
Shaminda Eranga,8,48,0,45,2,5.63,29,6,0,4,0,516210
Seekkuge Prasanna,10,60,1,37,1,3.7,37,4,0,0,0,516210
Angelo Mathews,3,18,0,6,1,2,12,0,0,0,0,516210
Jeevan Mendis,8,48,0,35,0,4.38,26,2,1,0,0,516210
Ajantha Mendis,9.1,55,0,49,3,5.35,26,4,1,1,0,516210
Lasith Malinga,5,30,0,35,0,7,17,2,0,3,4,530427
Suranga Lakmal,4,24,0,16,2,4,18,3,0,0,0,530427
Dilhara Fernando,5.5,35,0,35,0,6,18,4,0,2,0,530427
Seekkuge Prasanna,4,24,0,23,0,5.75,13,3,0,0,0,530427
Kosala Kulasekara,3,18,0,17,0,5.67,10,3,0,0,0,530427
Lasith Malinga,9,54,1,36,3,4,40,5,0,5,0,530428
Thisara Perera,9,54,1,30,2,3.33,32,0,0,0,0,530428
Dilhara Fernando,9,54,0,54,2,6,29,7,1,2,0,530428
Seekkuge Prasanna,9.3,57,1,38,0,4,28,1,1,0,0,530428
Tillakaratne Dilshan,1,6,0,3,0,3,3,0,0,0,0,530428
Jeevan Mendis,9,54,0,43,0,4.78,16,1,0,0,0,530428
Lasith Malinga,10,60,0,57,2,5.7,29,6,0,1,1,530429
Thisara Perera,10,60,1,45,1,4.5,35,4,0,1,0,530429
Dilhara Fernando,10,60,1,59,0,5.9,36,10,0,3,0,530429
Tillakaratne Dilshan,8,48,0,38,1,4.75,19,1,1,0,0,530429
Seekkuge Prasanna,9,54,0,39,2,4.33,20,1,0,0,0,530429
Jeevan Mendis,3,18,0,15,0,5,8,0,1,0,0,530429
Lasith Malinga,9.3,57,0,38,1,4,33,3,0,1,0,530430
Thisara Perera,10,60,1,36,1,3.6,40,4,0,1,0,530430
Dilhara Fernando,10,60,3,26,3,2.6,43,1,0,1,0,530430
Jeevan Mendis,9,54,0,40,2,4.44,27,1,1,0,0,530430
Seekkuge Prasanna,10,60,1,55,2,5.5,33,4,2,4,0,530430
Tillakaratne Dilshan,1,6,0,3,0,3,3,0,0,0,0,530430
Lasith Malinga,9,54,2,28,1,3.11,40,4,0,1,0,530431
Thisara Perera,7,42,1,32,0,4.57,27,3,0,1,0,530431
Seekkuge Prasanna,8,48,0,48,0,6,21,3,0,2,0,530431
Dilhara Fernando,9.2,56,0,47,2,5.04,34,5,0,3,0,530431
Angelo Mathews,5,30,1,11,1,2.2,22,1,0,0,0,530431
Jeevan Mendis,7,42,0,36,3,5.14,18,3,0,0,0,530431
Tillakaratne Dilshan,2,12,0,12,0,6,5,1,0,1,0,530431
Lasith Malinga,10,60,0,54,5,5.4,33,3,1,1,0,514035
Nuwan Kulasekara,10,60,0,50,1,5,31,3,1,1,0,514035
Dilhara Fernando,9,54,0,65,0,7.22,21,6,1,2,0,514035
Angelo Mathews,5,30,0,23,0,4.6,14,2,0,1,0,514035
Kosala Kulasekara,6,36,0,36,0,6,6,1,0,1,0,514035
Tillakaratne Dilshan,2,12,0,17,0,8.5,2,2,0,0,0,514035
Ajantha Mendis,8,48,0,54,1,6.75,13,5,0,1,0,514035
Lasith Malinga,10,60,1,38,1,3.8,35,4,0,0,0,514036
Nuwan Kulasekara,8,48,0,47,0,5.88,23,3,2,0,0,514036
Angelo Mathews,2,12,0,13,0,6.5,4,1,0,1,0,514036
Dhammika Prasad,10,60,0,46,3,4.6,26,3,0,0,0,514036
Tillakaratne Dilshan,8.4,52,0,44,0,5.08,23,4,0,0,0,514036
Kosala Kulasekara,1,6,0,6,0,6,1,0,0,0,0,514036
Rangana Herath,9,54,0,40,0,4.44,24,0,1,0,0,514036
Lasith Malinga,5,30,1,20,2,4,19,2,0,2,0,514037
Nuwan Kulasekara,6,36,0,31,0,5.17,18,3,0,0,0,514037
Dhammika Prasad,5,30,0,38,0,7.6,13,6,0,0,0,514037
Rangana Herath,6,36,0,24,0,4,16,0,0,0,0,514037
Tillakaratne Dilshan,5,30,0,22,1,4.4,11,0,0,0,0,514037
Kosala Kulasekara,3,18,0,21,0,7,8,3,0,0,0,514037
Angelo Mathews,4,24,0,21,0,5.25,10,2,0,0,0,514037
Lasith Malinga,10,60,0,57,1,5.7,27,4,0,4,0,514038
Nuwan Kulasekara,8,48,0,40,1,5,28,5,0,0,0,514038
Sachithra Senanayake,10,60,1,53,0,5.3,32,5,2,0,0,514038
Thisara Perera,4,24,0,34,2,8.5,7,4,0,1,0,514038
Angelo Mathews,1,6,0,6,0,6,3,1,0,0,0,514038
Tillakaratne Dilshan,8,48,0,60,0,7.5,16,2,3,0,0,514038
Rangana Herath,9,54,0,45,2,5,22,2,1,0,0,514038
Nuwan Kulasekara,10,60,1,46,0,4.6,35,6,0,0,0,514039
Lasith Malinga,10,60,0,79,2,7.9,23,11,1,1,0,514039
Angelo Mathews,3,18,1,16,0,5.33,12,2,0,2,0,514039
Thisara Perera,7,42,0,64,0,9.14,9,5,2,2,0,514039
Sachithra Senanayake,9,54,0,50,1,5.56,28,0,4,0,0,514039
Tillakaratne Dilshan,2,12,0,12,0,6,5,0,1,0,0,514039
Rangana Herath,9,54,0,43,0,4.78,23,2,0,1,0,514039
Lasith Malinga,9,54,0,49,1,5.44,29,6,0,1,0,518957
Nuwan Kulasekara,8,48,0,38,0,4.75,27,5,0,0,0,518957
Dhammika Prasad,10,60,0,47,1,4.7,35,5,1,0,0,518957
Angelo Mathews,9.4,58,1,31,2,3.21,36,3,0,0,0,518957
Thisara Perera,5,30,0,37,1,7.4,10,4,0,1,0,518957
Tillakaratne Dilshan,5,30,0,27,0,5.4,9,1,0,0,0,518957
Lasith Malinga,10,60,0,48,2,4.8,38,3,1,4,0,518958
Nuwan Kulasekara,10,60,0,39,2,3.9,34,3,0,0,0,518958
Angelo Mathews,9,54,0,37,2,4.11,32,3,0,1,0,518958
Dhammika Prasad,9.1,55,0,55,2,6,32,9,0,0,0,518958
Sachithra Senanayake,10,60,0,45,2,4.5,37,3,2,0,0,518958
Tillakaratne Dilshan,1,6,0,1,0,1,5,0,0,0,0,518958
Lasith Malinga,10,60,1,53,2,5.3,28,3,0,1,0,518960
Nuwan Kulasekara,10,60,0,39,1,3.9,36,3,0,1,0,518960
Angelo Mathews,5,30,0,35,0,7,15,3,1,1,1,518960
Thisara Perera,9,54,0,45,2,5,25,3,1,1,0,518960
Rangana Herath,10,60,1,33,0,3.3,37,2,0,1,0,518960
Sachithra Senanayake,6,36,0,30,0,5,17,1,0,0,0,518960
Lasith Malinga,8.5,53,0,42,1,4.75,34,3,0,2,0,518961
Nuwan Kulasekara,8,48,1,29,0,3.63,31,4,0,0,0,518961
Farveez Maharoof,8,48,1,18,2,2.25,37,2,0,0,0,518961
Angelo Mathews,4,24,0,26,1,6.5,14,3,1,0,0,518961
Thisara Perera,7,42,1,29,2,4.14,25,3,0,0,0,518961
Rangana Herath,5,30,1,12,1,2.4,23,1,0,1,0,518961
Lasith Malinga,8,48,0,55,2,6.88,20,5,0,2,0,518963
Nuwan Kulasekara,9,54,0,40,3,4.44,32,4,0,4,0,518963
Farveez Maharoof,10,60,1,52,1,5.2,31,5,0,0,0,518963
Angelo Mathews,4,24,0,12,0,3,15,0,0,0,0,518963
Thisara Perera,7.1,43,0,37,4,5.16,22,3,0,1,0,518963
Rangana Herath,7,42,0,35,0,5,13,1,0,1,0,518963
Lasith Malinga,10,60,0,56,1,5.6,30,4,0,2,0,518964
Nuwan Kulasekara,10,60,0,59,1,5.9,29,5,1,0,0,518964
Farveez Maharoof,10,60,0,40,1,4,40,2,2,0,0,518964
Rangana Herath,9,54,0,45,1,5,27,2,2,0,0,518964
Angelo Mathews,7,42,0,43,2,6.14,16,3,1,0,0,518964
Thisara Perera,4,24,0,35,0,8.75,10,3,2,1,0,518964
Lasith Malinga,7.4,46,0,96,1,12.52,11,15,2,2,0,518966
Nuwan Kulasekara,8,48,0,71,0,8.88,17,11,0,1,0,518966
Farveez Maharoof,3,18,0,21,1,7,8,3,0,0,0,518966
Thisara Perera,7,42,0,59,0,8.43,9,3,1,1,0,518966
Angelo Mathews,7,42,0,44,0,6.29,13,1,1,0,0,518966
Rangana Herath,4,24,0,20,0,5,7,0,0,1,0,518966
Lasith Malinga,10,60,0,49,4,4.9,32,2,0,3,0,518967
Nuwan Kulasekara,9.1,55,1,38,2,4.15,36,5,0,1,0,518967
Angelo Mathews,4,24,0,8,0,2,18,0,0,0,0,518967
Sachithra Senanayake,10,60,0,50,1,5,32,4,0,2,0,518967
Thisara Perera,0.5,5,0,8,0,9.6,0,1,0,0,0,518967
Lahiru Thirimanne,4.1,25,0,25,1,6,8,1,0,0,0,518967
Rangana Herath,10,60,0,43,1,4.3,34,1,1,2,1,518967
Tillakaratne Dilshan,1,6,0,8,0,8,3,1,0,1,0,518967
Lasith Malinga,8,48,0,74,1,9.25,20,6,3,3,0,518968
Nuwan Kulasekara,10,60,0,60,1,6,29,6,0,1,0,518968
Farveez Maharoof,9,54,0,64,1,7.11,23,8,0,0,0,518968
Tillakaratne Dilshan,9,54,0,35,0,3.89,25,0,0,0,0,518968
Dhammika Prasad,7,42,0,51,2,7.29,19,4,2,0,0,518968
Rangana Herath,7,42,0,36,1,5.14,17,1,0,1,0,518968
Tillakaratne Dilshan,10,60,0,40,1,4,31,1,0,0,0,518969
Nuwan Kulasekara,10,60,0,57,0,5.7,22,3,0,1,0,518969
Lasith Malinga,10,60,1,40,3,4,32,2,0,0,0,518969
Farveez Maharoof,10,60,0,71,0,7.1,25,5,3,0,1,518969
Rangana Herath,10,60,0,58,0,5.8,20,1,2,1,0,518969
Tillakaratne Dilshan,10,60,1,41,1,4.1,34,2,1,1,0,518970
Nuwan Kulasekara,9.3,57,0,40,2,4.21,36,3,1,1,0,518970
Lasith Malinga,10,60,0,69,0,6.9,27,8,0,1,0,518970
Farveez Maharoof,10,60,0,40,3,4,31,1,1,0,0,518970
Rangana Herath,10,60,0,36,3,3.6,33,3,0,0,0,518970
Nuwan Kulasekara,10,60,0,67,0,6.7,26,7,1,1,0,535795
Suranga Lakmal,10,60,1,67,1,6.7,25,8,0,2,0,535795
Tillakaratne Dilshan,10,60,0,54,0,5.4,18,3,0,0,0,535795
Seekkuge Prasanna,9,54,0,45,0,5,20,2,0,1,0,535795
Farveez Maharoof,10,60,0,57,2,5.7,23,3,1,2,0,535795
Chamara Kapugedera,1,6,0,7,0,7,2,1,0,0,0,535795
Lasith Malinga,8,48,1,44,0,5.5,26,6,0,0,0,535796
Nuwan Kulasekara,7,42,2,22,0,3.14,31,3,0,0,0,535796
Suranga Lakmal,8,48,1,37,2,4.63,31,5,0,0,2,535796
Seekkuge Prasanna,7.5,47,1,49,1,6.26,26,5,2,0,0,535796
Farveez Maharoof,7,42,0,23,1,3.29,28,0,1,2,0,535796
Tillakaratne Dilshan,2,12,0,13,0,6.5,5,2,0,0,0,535796
Lasith Malinga,8,48,0,29,0,3.63,28,2,0,3,0,535799
Nuwan Kulasekara,6,36,0,30,2,5,23,5,0,1,0,535799
Suranga Lakmal,7.1,43,0,44,1,6.14,24,6,0,3,0,535799
Sachithra Senanayake,8,48,0,38,2,4.75,28,4,0,0,0,535799
Farveez Maharoof,6,36,0,46,0,7.67,12,5,0,0,0,535799
Tillakaratne Dilshan,2,12,0,12,0,6,4,1,0,0,0,535799
Lasith Malinga,7,42,2,24,1,3.43,33,4,0,0,1,562439
Nuwan Kulasekara,9,54,3,29,1,3.22,44,4,0,3,0,562439
Angelo Mathews,6,36,1,18,0,3,31,3,0,1,0,562439
Thisara Perera,6.1,37,0,31,0,5.03,24,4,0,2,0,562439
Rangana Herath,6,36,0,18,1,3,26,1,1,0,0,562439
Nuwan Kulasekara,8.2,50,1,33,2,3.96,33,4,0,0,0,562440
Lasith Malinga,8,48,1,40,2,5,26,5,0,0,0,562440
Angelo Mathews,10,60,0,48,0,4.8,33,4,1,0,0,562440
Thisara Perera,10,60,0,44,6,4.4,34,5,0,0,0,562440
Rangana Herath,10,60,1,37,0,3.7,29,1,0,0,0,562440
Lasith Malinga,3,18,0,9,1,3,13,1,0,0,0,562441
Nuwan Kulasekara,3,18,1,3,1,1,16,0,0,0,0,562441
Angelo Mathews,0.2,2,0,0,0,0,2,0,0,0,0,562441
Lasith Malinga,7,42,0,30,2,4.29,26,3,0,2,0,562442
Nuwan Kulasekara,9,54,0,36,1,4,38,4,0,5,0,562442
Angelo Mathews,9,54,0,33,1,3.67,29,1,0,2,0,562442
Sajeewa Weerakoon,10,60,0,49,1,4.9,19,0,0,1,0,562442
Thisara Perera,10,60,1,42,4,4.2,34,3,1,1,0,562442
Lasith Malinga,10,60,1,52,1,5.2,35,8,0,1,0,562443
Nuwan Kulasekara,10,60,1,53,2,5.3,33,7,0,0,0,562443
Angelo Mathews,10,60,0,41,0,4.1,35,5,0,0,0,562443
Tillakaratne Dilshan,3,18,0,12,0,4,6,0,0,0,0,562443
Thisara Perera,8,48,0,54,1,6.75,19,4,2,1,0,562443
Jeevan Mendis,9,54,0,30,2,3.33,26,0,0,1,0,562443
Nuwan Kulasekara,5,30,0,20,1,4,22,3,0,1,0,564781
Lasith Malinga,10,60,0,83,0,8.3,18,8,2,0,2,564781
Angelo Mathews,10,60,0,58,1,5.8,24,4,0,1,0,564781
Thisara Perera,10,60,0,70,3,7,21,8,0,0,0,564781
Tillakaratne Dilshan,5,30,0,28,0,5.6,5,0,0,0,0,564781
Rangana Herath,10,60,0,52,0,5.2,22,3,0,1,0,564781
Lasith Malinga,7.3,45,0,36,2,4.8,25,3,0,0,0,564782
Isuru Udana,6,36,0,42,0,7,15,3,0,5,0,564782
Thisara Perera,8,48,3,19,3,2.38,39,3,0,0,0,564782
Angelo Mathews,7,42,2,14,3,2,32,1,0,0,0,564782
Rangana Herath,5,30,0,21,1,4.2,13,1,0,0,0,564782
Lasith Malinga,10,60,0,60,2,6,27,6,1,0,0,564783
Thisara Perera,9,54,0,57,1,6.33,22,5,0,0,0,564783
Isuru Udana,6,36,0,42,0,7,15,4,0,4,0,564783
Angelo Mathews,8.4,52,0,49,0,5.65,23,5,0,0,0,564783
Rangana Herath,9,54,0,36,1,4,22,0,0,0,0,564783
Tillakaratne Dilshan,3,18,0,14,0,4.67,8,1,0,0,0,564783
Jeevan Mendis,4,24,0,19,0,4.75,8,1,0,0,0,564783
Lasith Malinga,8,48,1,41,1,5.13,25,3,0,2,0,564784
Thisara Perera,6,36,0,51,0,8.5,18,8,1,1,0,564784
Angelo Mathews,6,36,1,18,1,3,25,1,0,0,0,564784
Nuwan Pradeep,8,48,0,52,1,6.5,26,4,1,1,2,564784
Rangana Herath,7,42,0,44,0,6.29,17,5,0,0,0,564784
Jeevan Mendis,6,36,0,37,1,6.17,14,2,0,0,0,564784
Tillakaratne Dilshan,1.2,8,0,10,0,7.5,2,1,0,0,0,564784
Lasith Malinga,10,60,0,64,3,6.4,24,8,0,1,0,564785
Thisara Perera,10,60,0,53,1,5.3,32,4,1,3,0,564785
Angelo Mathews,5,30,0,29,0,5.8,17,4,0,0,0,564785
Nuwan Pradeep,10,60,0,63,2,6.3,26,8,0,0,0,564785
Sachithra Senanayake,10,60,0,50,1,5,25,2,0,1,0,564785
Jeevan Mendis,5,30,0,25,0,5,10,1,0,0,0,564785
Lasith Malinga,10,60,0,39,2,3.9,36,2,0,1,0,582188
Nuwan Kulasekara,10,60,1,50,1,5,38,5,1,2,0,582188
Angelo Mathews,7,42,0,38,1,5.43,16,2,0,1,0,582188
Thisara Perera,7,42,0,52,1,7.43,18,5,2,0,0,582188
Rangana Herath,10,60,0,28,1,2.8,39,1,0,1,0,582188
Jeevan Mendis,6,36,0,34,0,5.67,13,3,0,1,0,582188
Lasith Malinga,7,42,0,40,1,5.71,23,3,1,0,0,582189
Nuwan Kulasekara,7,42,1,45,1,6.43,21,4,1,1,0,582189
Angelo Mathews,5,30,0,15,1,3,20,1,0,1,0,582189
Thisara Perera,4,24,0,22,0,5.5,14,2,1,1,0,582189
Jeevan Mendis,5,30,0,34,2,6.8,12,3,0,3,0,582189
Tillakaratne Dilshan,2,12,0,9,0,4.5,3,0,0,0,0,582189
Rangana Herath,3,18,0,20,0,6.67,4,2,0,0,0,582189
Lasith Malinga,6,36,1,38,0,6.33,18,4,1,0,0,582190
Nuwan Kulasekara,5,30,1,17,2,3.4,21,1,0,3,0,582190
Angelo Mathews,6,36,0,19,0,3.17,25,2,0,0,0,582190
Thisara Perera,5,30,0,16,1,3.2,17,1,0,0,0,582190
Rangana Herath,6,36,0,23,1,3.83,19,0,1,1,0,582190
Jeevan Mendis,4,24,0,15,3,3.75,14,1,0,1,0,582190
Nuwan Kulasekara,10,60,0,53,1,5.3,28,4,0,0,0,573014
Lasith Malinga,10,60,1,61,1,6.1,27,7,0,2,0,573014
Angelo Mathews,8,48,0,46,1,5.75,22,6,0,0,0,573014
Ajantha Mendis,10,60,0,62,1,6.2,28,4,1,3,0,573014
Tillakaratne Dilshan,4,24,0,17,0,4.25,8,0,0,0,0,573014
Thisara Perera,4,24,0,28,0,7,11,5,0,0,0,573014
Jeevan Mendis,4,24,0,33,0,8.25,8,3,1,0,0,573014
Nuwan Kulasekara,9,54,0,24,1,2.67,39,1,0,1,0,573015
Angelo Mathews,10,60,1,24,2,2.4,46,2,0,1,0,573015
Thisara Perera,9,54,0,40,2,4.44,38,3,2,1,0,573015
Lasith Malinga,9,54,0,32,3,3.56,37,4,0,0,0,573015
Ajantha Mendis,7.5,47,0,41,1,5.23,27,4,0,1,0,573015
Jeevan Mendis,2,12,0,7,0,3.5,5,0,0,0,0,573015
Angelo Mathews,4,24,0,10,1,2.5,19,1,0,0,0,573016
Nuwan Kulasekara,10,60,2,22,5,2.2,50,1,0,3,0,573016
Lasith Malinga,7,42,2,14,3,2,34,1,0,0,0,573016
Thisara Perera,3,18,0,14,0,4.67,10,2,0,0,0,573016
Shaminda Eranga,2.4,16,0,12,1,4.5,11,2,0,0,0,573016
Angelo Mathews,10,60,1,50,0,5,35,5,0,0,0,573017
Nuwan Kulasekara,10,60,2,30,3,3,45,2,0,1,0,573017
Lasith Malinga,10,60,2,33,2,3.3,44,4,0,1,0,573017
Thisara Perera,10,60,0,64,2,6.4,25,7,0,0,0,573017
Rangana Herath,10,60,0,37,2,3.7,35,2,0,0,0,573017
Tillakaratne Dilshan,7,42,3,22,1,3.14,30,3,0,0,0,573018
Nuwan Kulasekara,10,60,1,57,1,5.7,26,3,1,0,0,573018
Angelo Mathews,7,42,0,44,0,6.29,17,5,0,0,0,573018
Lasith Malinga,10,60,1,49,1,4.9,29,4,0,1,0,573018
Rangana Herath,10,60,2,34,0,3.4,35,2,0,0,0,573018
Thisara Perera,6,36,0,39,1,6.5,18,4,0,1,0,573018
Lasith Malinga,10,60,0,51,2,5.1,28,3,1,1,1,602474
Nuwan Kulasekara,9,54,0,67,1,7.44,23,7,1,2,0,602474
Thisara Perera,8,48,0,45,1,5.63,26,7,0,1,0,602474
Angelo Mathews,9,54,1,36,2,4,32,4,0,0,0,602474
Sachithra Senanayake,10,60,0,46,1,4.6,36,0,2,2,0,602474
Tillakaratne Dilshan,4,24,0,12,0,3,13,0,0,0,0,602474
Nuwan Kulasekara,4,24,1,29,0,7.25,14,4,0,1,0,602476
Lasith Malinga,6,36,0,29,2,4.83,23,4,0,2,0,602476
Angelo Mathews,5,30,0,39,2,7.8,11,6,0,0,0,602476
Sachithra Senanayake,6,36,0,26,2,4.33,19,2,0,1,0,602476
Thisara Perera,5,30,0,44,0,8.8,10,7,0,1,0,602476
Lasith Malinga,10,60,2,34,4,3.4,44,4,0,2,0,578617
Shaminda Eranga,8,48,0,45,2,5.63,27,6,0,1,0,578617
Rangana Herath,10,60,0,36,1,3.6,36,2,0,0,0,578617
Tillakaratne Dilshan,6.3,39,1,12,1,1.85,30,0,0,1,0,578617
Thisara Perera,2,12,0,4,0,2,9,0,0,0,0,578617
Nuwan Kulasekara,10,60,0,42,1,4.2,35,4,0,0,0,578621
Lasith Malinga,10,60,2,58,2,5.8,30,7,0,1,0,578621
Shaminda Eranga,10,60,0,80,2,8,20,5,3,2,0,578621
Angelo Mathews,6,36,0,28,0,4.67,18,2,0,0,0,578621
Rangana Herath,10,60,0,46,2,4.6,18,0,0,0,0,578621
Tillakaratne Dilshan,4,24,0,29,0,7.25,5,2,0,0,0,578621
Shaminda Eranga,8,48,1,40,1,5,31,7,0,1,0,578625
Nuwan Kulasekara,9,54,0,42,3,4.67,33,4,1,3,0,578625
Lasith Malinga,9,54,0,60,1,6.67,22,4,0,5,1,578625
Rangana Herath,10,60,0,48,2,4.8,31,2,1,3,0,578625
Angelo Mathews,3,18,0,21,1,7,9,4,0,0,0,578625
Tillakaratne Dilshan,3.3,21,0,11,1,3.14,12,0,0,0,0,578625
Nuwan Kulasekara,10,60,0,45,0,4.5,39,6,0,3,0,566947
Lasith Malinga,8,48,0,54,0,6.75,22,5,1,1,0,566947
Thisara Perera,6,36,0,25,0,4.17,22,3,0,0,0,566947
Angelo Mathews,4,24,0,10,1,2.5,17,0,0,0,0,566947
Rangana Herath,4,24,0,14,0,3.5,14,0,0,1,0,566947
Jeevan Mendis,3,18,0,28,1,9.33,5,1,1,0,0,566947
Lasith Malinga,7,42,0,34,0,4.86,27,4,1,1,0,597923
Nuwan Kulasekara,8,48,1,39,1,4.88,34,5,2,0,0,597923
Ajantha Mendis,10,60,0,53,1,5.3,37,2,3,3,0,597923
Angelo Mathews,5,30,0,28,0,5.6,14,2,1,0,0,597923
Rangana Herath,6,36,0,37,1,6.17,21,4,2,0,0,597923
Jeevan Mendis,1.5,11,1,7,0,3.82,9,0,1,0,0,597923
Nuwan Kulasekara,9,54,0,37,1,4.11,34,5,0,1,0,597925
Angelo Mathews,8,48,2,23,1,2.88,31,1,0,0,0,597925
Sachithra Senanayake,10,60,0,46,2,4.6,32,4,0,2,0,597925
Rangana Herath,10,60,0,37,3,3.7,32,1,1,0,0,597925
Lasith Malinga,7.5,47,0,40,2,5.11,26,4,0,1,0,597925
Nuwan Kulasekara,1.5,11,0,8,0,4.36,6,1,0,0,0,597927
Shaminda Eranga,8,48,0,46,3,5.75,30,7,1,1,0,597927
Lahiru Thirimanne,4.1,25,0,16,0,3.84,12,1,0,0,0,597927
Angelo Mathews,8,48,1,29,4,3.63,34,1,1,2,0,597927
Sachithra Senanayake,9,54,0,41,0,4.56,29,1,2,0,0,597927
Lasith Malinga,8,48,2,42,2,5.25,27,5,0,2,0,597927
Jeevan Mendis,2,12,0,8,0,4,9,0,1,0,0,597927
Shaminda Eranga,6,36,0,27,0,4.5,21,3,0,1,0,597928
Dilhara Lokuhettige,8,48,0,40,0,5,25,4,0,1,2,597928
Angelo Mathews,5,30,1,5,1,1,25,0,0,0,0,597928
Lasith Malinga,3,18,1,7,0,2.33,14,1,0,0,0,597928
Rangana Herath,6,36,0,32,2,5.33,17,0,2,0,0,597928
Jeevan Mendis,1,6,0,4,0,4,3,0,0,1,0,597928
Shaminda Eranga,9.4,58,2,50,2,5.17,37,4,2,1,0,597929
Suranga Lakmal,10,60,1,33,1,3.3,41,1,1,3,0,597929
Angelo Mathews,10,60,1,38,1,3.8,38,3,0,0,0,597929
Lasith Malinga,10,60,1,58,1,5.8,34,7,1,3,0,597929
Rangana Herath,10,60,2,20,4,2,45,1,0,0,0,597929
Lasith Malinga,4,24,1,21,1,5.25,16,4,0,0,0,635653
Shaminda Eranga,5,30,0,27,1,5.4,18,5,0,0,0,635653
Thisara Perera,7,42,0,31,3,4.43,26,4,0,1,0,635653
Rangana Herath,8.5,53,1,25,3,2.83,36,0,1,1,0,635653
Tillakaratne Dilshan,5,30,0,11,2,2.2,21,0,0,0,0,635653
Jehan Mubarak,2,12,0,14,0,7,2,1,0,0,0,635653
Lasith Malinga,3,18,0,17,1,5.67,10,1,0,1,0,635654
Shaminda Eranga,4,24,0,21,0,5.25,18,4,0,2,0,635654
Thisara Perera,4,24,0,23,1,5.75,14,3,0,0,0,635654
Rangana Herath,4,24,0,16,2,4,12,1,0,1,0,635654
Tillakaratne Dilshan,5,30,0,20,1,4,14,1,0,0,0,635654
Jehan Mubarak,1,6,0,5,0,5,3,0,0,0,0,635654
Lasith Malinga,10,60,0,57,1,5.7,33,5,2,1,0,635655
Angelo Mathews,5,30,1,17,0,3.4,24,3,0,0,0,635655
Tillakaratne Dilshan,10,60,0,39,0,3.9,28,1,0,1,0,635655
Thisara Perera,8,48,0,51,2,6.38,23,3,3,0,0,635655
Ajantha Mendis,10,60,0,35,3,3.5,29,1,0,0,0,635655
Rangana Herath,7,42,1,21,0,3,27,2,0,0,0,635655
Lasith Malinga,9,54,0,52,3,5.78,29,7,0,0,0,635656
Angelo Mathews,7,42,1,31,0,4.43,29,6,0,0,0,635656
Ajantha Mendis,9.4,58,0,51,4,5.28,29,1,3,0,0,635656
Thisara Perera,3,18,0,22,0,7.33,7,3,0,0,0,635656
Rangana Herath,10,60,0,38,1,3.8,30,0,0,0,0,635656
Tillakaratne Dilshan,10,60,0,40,2,4,28,2,0,0,0,635656
Suranga Lakmal,5.5,35,0,22,3,3.77,28,4,0,1,0,635657
Angelo Mathews,4,24,0,32,0,8,10,5,0,0,0,635657
Sachithra Senanayake,10,60,2,29,2,2.9,43,3,0,0,0,635657
Tillakaratne Dilshan,10,60,0,41,1,4.1,36,4,0,3,0,635657
Thisara Perera,5,30,1,17,1,3.4,20,0,1,1,0,635657
Ajantha Mendis,9,54,2,36,3,4,38,4,0,2,0,635657
Lasith Malinga,2.2,14,0,8,1,3.43,11,0,0,1,0,668961
Nuwan Kulasekara,2,12,1,3,0,1.5,12,0,0,1,0,668961
Lasith Malinga,5,30,0,42,0,8.4,12,5,1,3,0,668963
Nuwan Kulasekara,5,30,0,34,4,6.8,17,7,0,0,0,668963
Angelo Mathews,5,30,0,35,0,7,8,3,0,0,0,668963
Sachithra Senanayake,4,24,0,31,2,7.75,12,4,1,0,0,668963
Tillakaratne Dilshan,1,6,0,13,0,13,2,3,0,0,0,668963
Rangana Herath,3,18,0,43,0,14.33,3,2,4,0,0,668963
Sachithra Senanayake,5,30,1,14,2,2.8,25,3,0,0,0,668965
Nuwan Kulasekara,4,24,1,20,1,5,18,3,0,3,0,668965
Angelo Mathews,1,6,0,4,0,4,3,0,0,0,0,668965
Rangana Herath,6,36,0,25,3,4.17,20,3,0,0,0,668965
Tillakaratne Dilshan,6,36,0,31,0,5.17,15,1,1,0,0,668965
Lasith Malinga,3,18,0,31,0,10.33,3,3,0,1,0,668965
Suranga Lakmal,10,60,0,73,2,7.3,27,5,4,1,0,657637
Lasith Malinga,10,60,1,59,0,5.9,23,4,1,0,0,657637
Sachithra Senanayake,9,54,1,46,0,5.11,30,2,3,0,0,657637
Thisara Perera,6,36,0,53,1,8.83,12,4,3,0,0,657637
Angelo Mathews,5,30,0,29,0,5.8,11,2,0,0,0,657637
Seekkuge Prasanna,8,48,0,39,1,4.88,29,1,2,2,0,657637
Tillakaratne Dilshan,2,12,0,19,0,9.5,3,1,1,0,0,657637
Nuwan Kulasekara,10,60,0,56,1,5.6,30,2,1,4,0,657639
Lasith Malinga,10,60,0,78,1,7.8,17,4,2,1,1,657639
Thisara Perera,2.4,16,0,19,0,7.13,9,3,0,0,0,657639
Angelo Mathews,3.4,22,0,17,0,4.64,10,0,0,1,0,657639
Seekkuge Prasanna,10,60,0,45,1,4.5,32,1,1,1,0,657639
Sachithra Senanayake,10,60,0,42,0,4.2,27,2,0,0,0,657639
Dimuth Karunaratne,1.4,10,0,11,0,6.6,3,1,0,0,0,657639
Tillakaratne Dilshan,2,12,0,13,0,6.5,6,2,0,0,0,657639
Nuwan Kulasekara,10,60,1,67,1,6.7,33,5,4,0,0,657641
Lasith Malinga,10,60,0,58,1,5.8,30,6,1,1,0,657641
Sachithra Senanayake,10,60,0,58,0,5.8,25,2,2,3,0,657641
Thisara Perera,8,48,0,58,2,7.25,21,3,3,1,0,657641
Seekkuge Prasanna,8,48,0,46,0,5.75,21,3,1,0,0,657641
Angelo Mathews,4,24,0,29,0,7.25,6,3,0,1,0,657641
Nuwan Kulasekara,4,24,0,28,0,7,14,5,0,0,0,657643
Lasith Malinga,7,42,0,40,0,5.71,23,4,1,0,0,657643
Suranga Lakmal,9,54,0,49,1,5.44,25,5,0,0,0,657643
Angelo Mathews,6,36,0,15,1,2.5,27,2,0,0,0,657643
Sachithra Senanayake,10,60,0,49,0,4.9,30,3,1,0,0,657643
Kithuruwan Vithanage,1,6,0,10,0,10,2,2,0,0,0,657643
Tillakaratne Dilshan,3.1,19,0,25,0,7.89,5,2,1,0,0,657643
Ashan Priyanjan,1,6,0,5,0,5,6,0,0,1,0,657643
Angelo Mathews,10,60,1,26,1,2.6,46,3,0,1,0,657645
Suranga Lakmal,7.3,45,0,42,3,5.6,26,6,1,0,0,657645
Sachithra Senanayake,10,60,1,44,0,4.4,28,2,0,3,0,657645
Lasith Malinga,10,60,0,57,4,5.7,30,2,2,2,0,657645
Ajantha Mendis,10,60,1,42,1,4.2,31,1,0,3,0,657645
Tillakaratne Dilshan,2,12,0,11,0,5.5,6,1,0,1,0,657645
Lasith Malinga,8,48,1,37,1,4.63,34,4,1,2,1,690355
Nuwan Kulasekara,6,36,0,38,0,6.33,16,4,1,0,0,690355
Angelo Mathews,7.2,44,1,21,3,2.86,30,2,0,0,0,690355
Sachithra Senanayake,9,54,0,33,2,3.67,35,3,0,0,0,690355
Thisara Perera,9,54,1,35,1,3.89,38,2,2,0,0,690355
Lasith Malinga,8,48,2,45,2,5.63,30,6,1,2,1,690357
Angelo Mathews,8,48,1,44,0,5.5,26,5,1,0,0,690357
Sachithra Senanayake,8,48,0,33,2,4.13,27,1,1,1,0,690357
Thisara Perera,6,36,0,40,2,6.67,18,4,1,3,0,690357
Ajantha Mendis,8,48,0,43,2,5.38,24,2,2,0,0,690357
Ashan Priyanjan,5,30,0,17,1,3.4,13,0,0,0,0,690357
Suranga Lakmal,10,60,3,24,2,2.4,44,2,0,1,0,690359
Thisara Perera,9,54,0,39,1,4.33,32,5,0,2,0,690359
Dhammika Prasad,10,60,0,49,3,4.9,35,6,0,2,0,690359
Sachithra Senanayake,9,54,0,46,1,5.11,23,1,2,1,0,690359
Ashan Priyanjan,6,36,0,42,0,7,7,3,0,1,0,690359
Angelo Perera,3,18,0,17,0,5.67,7,2,0,0,0,690359
Angelo Mathews,3,18,0,21,0,7,6,1,1,0,0,690359
Lasith Malinga,9.5,59,0,52,5,5.29,32,7,0,1,0,710291
Suranga Lakmal,9,54,1,65,2,7.22,30,9,2,0,0,710291
Sachithra Senanayake,9,54,0,47,1,5.22,25,2,2,0,0,710291
Chaturanga de Silva,10,60,1,56,1,5.6,32,5,0,2,0,710291
Thisara Perera,6,36,0,36,0,6,14,2,1,0,0,710291
Angelo Mathews,5,30,1,25,1,5,17,1,1,1,0,710291
Lasith Malinga,10,60,0,58,1,5.8,22,5,0,1,0,710297
Angelo Mathews,3.2,20,1,9,0,2.7,15,1,0,0,0,710297
Sachithra Senanayake,10,60,0,41,3,4.1,32,4,0,0,0,710297
Thisara Perera,6.4,40,0,40,0,6,14,3,1,0,0,710297
Ajantha Mendis,10,60,0,60,4,6,26,3,2,4,0,710297
Chaturanga de Silva,10,60,0,51,1,5.1,24,1,2,1,0,710297
Lasith Malinga,5,30,0,23,0,4.6,21,2,0,4,0,710303
Suranga Lakmal,7,42,2,30,2,4.29,31,4,1,0,0,710303
Thisara Perera,10,60,2,29,3,2.9,45,4,0,0,0,710303
Chaturanga de Silva,9.4,58,1,29,2,3,39,1,1,0,0,710303
Ajantha Mendis,7,42,2,11,3,1.57,33,0,0,1,0,710303
Suranga Lakmal,10,60,0,32,2,3.2,36,2,0,1,0,710309
Thisara Perera,8,48,0,29,2,3.63,31,3,0,1,0,710309
Sachithra Senanayake,10,60,1,37,0,3.7,36,3,0,1,0,710309
Chaturanga de Silva,10,60,0,33,1,3.3,36,1,1,0,0,710309
Ajantha Mendis,9,54,0,55,2,6.11,20,4,0,2,0,710309
Ashan Priyanjan,3,18,0,11,2,3.67,11,1,0,0,0,710309
Lasith Malinga,10,60,0,56,5,5.6,25,6,0,0,0,710311
Suranga Lakmal,10,60,2,41,0,4.1,37,3,1,1,0,710311
Sachithra Senanayake,9,54,0,54,0,6,24,5,1,0,0,710311
Thisara Perera,10,60,1,66,0,6.6,24,4,3,2,0,710311
Angelo Mathews,7,42,1,23,0,3.29,26,1,0,1,0,710311
Chaturanga de Silva,4,24,0,19,0,4.75,11,2,0,0,0,710311
Suranga Lakmal,8,48,1,29,3,3.63,33,4,0,1,0,706767
Nuwan Kulasekara,8,48,3,30,2,3.75,37,5,0,0,0,706767
Angelo Mathews,2,12,0,6,0,3,9,1,0,0,0,706767
Sachithra Senanayake,7.5,47,1,27,1,3.45,32,3,0,0,0,706767
Ajantha Mendis,10,60,1,27,3,2.7,41,0,0,2,0,706767
Ashan Priyanjan,3,18,0,11,0,3.67,11,1,0,1,0,706767
Kithuruwan Vithanage,1,6,0,7,0,7,2,1,0,0,0,706767
Lasith Malinga,8,48,0,71,0,8.88,18,5,3,4,0,667889
Nuwan Kulasekara,8,48,1,60,2,7.5,24,9,1,0,0,667889
Suranga Lakmal,6,36,0,34,0,5.67,16,2,1,0,0,667889
Thisara Perera,3,18,0,25,0,8.33,6,1,1,0,0,667889
Angelo Mathews,6,36,0,25,1,4.17,18,1,0,1,0,667889
Sachithra Senanayake,8,48,0,30,3,3.75,22,0,0,0,0,667889
Nuwan Kulasekara,6,36,3,15,3,2.5,29,1,0,0,0,667891
Lasith Malinga,4,24,1,17,1,4.25,17,1,0,0,1,667891
Dhammika Prasad,6,36,0,36,1,6,26,4,2,4,0,667891
Sachithra Senanayake,7.1,43,1,13,4,1.81,36,1,0,0,0,667891
Angelo Mathews,2,12,0,9,1,4.5,7,1,0,1,0,667891
Tillakaratne Dilshan,1,6,0,6,0,6,3,1,0,0,0,667891
Nuwan Kulasekara,3,18,0,14,0,4.67,13,1,0,2,0,667893
Lasith Malinga,3,18,0,13,0,4.33,11,1,0,0,0,667893
Rangana Herath,3.1,19,0,29,0,9.16,6,3,1,0,0,667893
Sachithra Senanayake,1,6,0,8,0,8,3,0,0,0,0,667893
Ashan Priyanjan,2,12,0,9,0,4.5,7,1,0,0,0,667893
Nuwan Kulasekara,10,60,0,81,0,8.1,23,7,3,0,0,667895
Lasith Malinga,10,60,2,52,3,5.2,33,3,1,1,1,667895
Angelo Mathews,7,42,1,30,1,4.29,23,2,0,1,0,667895
Sachithra Senanayake,10,60,0,49,1,4.9,23,1,0,0,0,667895
Ajantha Mendis,10,60,0,60,2,6,23,3,0,1,0,667895
Ashan Priyanjan,3,18,0,15,0,5,5,0,0,0,0,667895
Nuwan Kulasekara,5,30,0,22,0,4.4,20,2,0,0,0,667897
Lasith Malinga,9.1,55,0,50,3,5.45,24,4,0,3,0,667897
Sachithra Senanayake,10,60,0,36,1,3.6,36,2,0,0,0,667897
Ajantha Mendis,9,54,0,50,2,5.56,22,2,0,2,1,667897
Tillakaratne Dilshan,5,30,0,17,0,3.4,15,0,0,0,0,667897
Ashan Priyanjan,4,24,0,18,1,4.5,14,0,1,1,0,667897
Angelo Mathews,6,36,0,23,1,3.83,23,1,0,3,0,667897
Lasith Malinga,7,42,0,52,0,7.43,13,4,1,1,0,730083
Nuwan Kulasekara,6,36,0,26,0,4.33,26,2,1,0,1,730083
Sachithra Senanayake,10,60,0,49,1,4.9,24,2,1,1,0,730083
Angelo Mathews,6,36,1,30,1,5,16,1,1,1,0,730083
Ajantha Mendis,10,60,0,61,3,6.1,27,5,0,4,0,730083
Ashan Priyanjan,7,42,0,47,0,6.71,13,3,1,0,0,730083
Tillakaratne Dilshan,4,24,0,31,0,7.75,5,3,0,0,0,730083
Lasith Malinga,6,36,1,24,4,4,25,3,0,2,0,730085
Nuwan Kulasekara,5,30,0,39,0,7.8,16,8,0,0,0,730085
Sachithra Senanayake,7,42,1,36,1,5.14,26,5,0,4,0,730085
Angelo Mathews,3,18,1,11,0,3.67,11,1,0,0,0,730085
Ajantha Mendis,6.1,37,2,18,2,2.92,24,1,0,0,0,730085
Tillakaratne Dilshan,10,60,0,40,3,4,30,1,0,1,0,730085
Ashan Priyanjan,1,6,0,8,0,8,3,1,0,1,0,730085
Lasith Malinga,10,60,0,85,0,8.5,24,12,2,0,0,730087
Sachithra Senanayake,10,60,0,66,1,6.6,32,5,3,2,0,730087
Angelo Mathews,6,36,0,43,0,7.17,14,4,0,2,0,730087
Ajantha Mendis,7,42,0,48,2,6.86,16,2,2,1,0,730087
Rangana Herath,10,60,0,48,2,4.8,28,2,1,0,0,730087
Tillakaratne Dilshan,7,42,0,42,0,6,12,4,0,0,0,730087
Lasith Malinga,9,54,0,60,1,6.67,22,7,0,2,0,745159
Nuwan Kulasekara,8.5,53,0,56,0,6.34,26,7,0,0,0,745159
Angelo Mathews,9,54,0,48,2,5.33,25,3,0,1,0,745159
Thisara Perera,7,42,0,43,2,6.14,16,5,0,0,0,745159
Rangana Herath,9,54,0,49,1,5.44,27,5,0,0,0,745159
Tillakaratne Dilshan,2,12,0,17,0,8.5,2,2,0,0,0,745159
Nuwan Kulasekara,4,24,1,23,0,5.75,16,4,0,0,0,745161
Lasith Malinga,6.5,41,0,56,2,8.2,18,10,0,1,0,745161
Rangana Herath,10,60,2,38,2,3.8,36,3,1,0,0,745161
Angelo Mathews,2,12,0,15,0,7.5,6,2,0,1,0,745161
Seekkuge Prasanna,10,60,0,36,2,3.6,35,2,0,0,0,745161
Thisara Perera,3,18,0,19,3,6.33,9,3,0,0,0,745161
Tillakaratne Dilshan,5,30,0,25,1,5,11,1,0,0,0,745161
Ashan Priyanjan,3,18,0,17,0,5.67,8,2,0,0,0,745161
Dhammika Prasad,6,36,0,25,2,4.17,26,3,0,3,1,745163
Lasith Malinga,7,42,2,17,1,2.43,33,2,0,1,0,745163
Angelo Mathews,5,30,0,11,0,2.2,20,0,0,0,0,745163
Rangana Herath,2.1,13,0,6,1,2.77,7,0,0,0,0,745163
Thisara Perera,8,48,1,34,4,4.25,30,3,1,2,0,745163
Seekkuge Prasanna,4,24,1,8,1,2,20,1,0,0,0,745163
Dhammika Prasad,9,54,0,60,0,6.67,28,7,2,1,0,792289
Lahiru Gamage,9,54,1,59,1,6.56,30,9,0,1,2,792289
Angelo Mathews,4,24,0,33,0,8.25,11,3,2,1,0,792289
Thisara Perera,7,42,0,51,0,7.29,18,6,1,1,0,792289
Suraj Randiv,10,60,0,78,3,7.8,20,4,4,1,0,792289
Seekkuge Prasanna,6,36,0,47,0,7.83,10,4,1,0,0,792289
Tillakaratne Dilshan,3,18,0,19,0,6.33,6,2,0,0,0,792289
Ashan Priyanjan,2,12,0,11,1,5.5,7,2,0,0,0,792289
Angelo Mathews,4,24,0,18,0,4.5,11,1,0,0,0,792291
Lahiru Gamage,8,48,1,28,0,3.5,27,1,0,1,0,792291
Dhammika Prasad,7,42,0,51,1,7.29,20,5,2,0,1,792291
Thisara Perera,4,24,0,35,0,8.75,8,3,2,0,0,792291
Suraj Randiv,10,60,0,66,0,6.6,26,4,3,0,0,792291
Tillakaratne Dilshan,2,12,0,9,0,4.5,4,0,0,0,0,792291
Seekkuge Prasanna,7.3,45,0,53,3,7.07,15,5,1,0,0,792291
Ashan Priyanjan,2,12,0,14,0,7,4,2,0,0,0,792291
Nuwan Kulasekara,8,48,0,37,1,4.63,26,4,0,0,0,792293
Lahiru Gamage,6,36,0,50,0,8.33,19,8,0,1,0,792293
Seekkuge Prasanna,9,54,0,43,0,4.78,26,3,1,0,0,792293
Thisara Perera,7,42,0,33,1,4.71,18,1,0,0,1,792293
Chaturanga de Silva,5,30,0,45,0,9,7,3,2,0,0,792293
Angelo Mathews,3,18,0,17,0,5.67,9,1,0,3,0,792293
Tillakaratne Dilshan,4,24,0,10,1,2.5,15,0,0,0,0,792293
Ashan Priyanjan,2.1,13,1,8,0,3.69,8,1,0,0,0,792293
Nuwan Kulasekara,9,54,0,89,1,9.89,15,13,2,0,0,792295
Angelo Mathews,8,48,1,44,2,5.5,28,3,2,3,0,792295
Shaminda Eranga,10,60,0,77,1,7.7,25,9,2,3,1,792295
Thisara Perera,5,30,0,43,0,8.6,10,5,1,1,0,792295
Seekkuge Prasanna,10,60,0,70,0,7,22,5,3,0,0,792295
Ajantha Mendis,7,42,0,70,0,10,8,11,0,1,0,792295
Tillakaratne Dilshan,1,6,0,11,0,11,0,1,0,1,0,792295
Angelo Mathews,7,42,1,33,2,4.71,25,4,0,0,0,792297
Lahiru Gamage,4,24,0,25,0,6.25,16,5,0,1,0,792297
Shaminda Eranga,7,42,0,45,0,6.43,17,5,0,2,0,792297
Seekkuge Prasanna,10,60,0,42,0,4.2,34,4,0,1,0,792297
Thisara Perera,3,18,0,20,0,6.67,7,2,0,1,0,792297
Ajantha Mendis,9.4,58,0,73,4,7.55,24,7,3,0,0,792297
Tillakaratne Dilshan,8,48,0,46,0,5.75,23,4,1,2,0,792297
Angelo Mathews,3,18,1,17,0,5.67,12,3,0,0,0,750663
Dhammika Prasad,5,30,0,51,1,10.2,12,6,1,1,0,750663
Tillakaratne Dilshan,6,36,0,33,1,5.5,15,3,0,1,0,750663
Ajantha Mendis,9,54,0,55,2,6.11,23,3,1,1,0,750663
Rangana Herath,9,54,0,58,2,6.44,26,2,4,0,0,750663
Thisara Perera,9.1,55,1,44,3,4.8,32,2,1,3,1,750663
Jeevan Mendis,6,36,0,34,1,5.67,12,1,1,0,0,750663
Angelo Mathews,6,36,0,23,1,3.83,22,2,0,2,0,750665
Tillakaratne Dilshan,9,54,0,32,2,3.56,34,1,0,0,0,750665
Rangana Herath,9,54,0,40,1,4.44,25,1,0,0,0,750665
Ajantha Mendis,7,42,1,33,3,4.71,20,1,0,1,0,750665
Thisara Perera,3,18,0,16,1,5.33,10,2,0,0,0,750665
Jeevan Mendis,5,30,0,22,0,4.4,12,0,0,0,1,750665
Dhammika Prasad,4,24,0,16,2,4,15,1,0,0,1,750665
Angelo Mathews,7,42,0,34,2,4.86,23,3,1,0,0,750667
Tillakaratne Dilshan,4,24,0,31,0,7.75,11,2,2,0,0,750667
Thisara Perera,3,18,0,18,0,6,10,1,1,1,0,750667
Ajantha Mendis,5.4,34,0,53,0,9.35,12,4,3,1,0,750667
Jeevan Mendis,2,12,0,9,0,4.5,6,1,0,0,0,750667
Dhammika Prasad,6,36,0,49,1,8.17,14,6,1,2,1,750667
Rangana Herath,6,36,0,41,1,6.83,14,3,1,1,0,750667
Angelo Mathews,6,36,0,21,0,3.5,21,1,0,0,0,750669
Dhammika Prasad,6,36,1,29,1,4.83,21,3,0,2,0,750669
Tillakaratne Dilshan,10,60,0,64,3,6.4,24,3,3,2,0,750669
Thisara Perera,2,12,0,19,0,9.5,6,2,1,1,0,750669
Rangana Herath,10,60,0,36,3,3.6,29,1,0,0,0,750669
Jeevan Mendis,7,42,1,39,0,5.57,22,2,1,0,0,750669
Ajantha Mendis,9,54,0,56,3,6.22,23,3,2,1,0,750669
Tillakaratne Dilshan,9.1,55,0,45,1,4.91,34,6,1,0,0,750671
Sachithra Senanayake,10,60,0,35,2,3.5,33,1,0,0,0,750671
Angelo Mathews,4,24,0,14,0,3.5,14,1,0,0,0,750671
Dhammika Prasad,4,24,0,24,0,6,14,4,0,2,0,750671
Jeevan Mendis,7,42,0,41,0,5.86,16,4,0,0,0,750671
Ajantha Mendis,9,54,0,49,1,5.44,21,1,1,0,1,750671
Thisara Perera,6,36,0,26,1,4.33,16,1,0,0,0,750671
Sachithra Senanayake,8.3,51,0,33,3,3.88,32,2,1,1,0,750673
Tillakaratne Dilshan,10,60,0,55,2,5.5,31,4,2,0,0,750673
Seekkuge Prasanna,8,48,0,40,0,5,21,3,0,0,0,750673
Suranga Lakmal,8,48,0,30,4,3.75,32,4,0,0,0,750673
Jeevan Mendis,4,24,0,22,0,5.5,12,3,0,0,0,750673
Thisara Perera,3,18,0,21,0,7,6,2,0,0,0,750673
Dilruwan Perera,9,54,0,53,1,5.89,29,4,2,1,0,750675
Tillakaratne Dilshan,10,60,0,37,3,3.7,28,0,0,1,0,750675
Suranga Lakmal,8,48,1,25,2,3.13,32,2,0,0,0,750675
Thisara Perera,3,18,0,22,0,7.33,5,3,0,0,0,750675
Angelo Mathews,2,12,0,3,0,1.5,9,0,0,0,0,750675
Seekkuge Prasanna,8,48,0,35,3,4.38,21,1,0,1,0,750675
Jeevan Mendis,4,24,0,28,0,7,7,3,0,0,0,750675
Mahela Jayawardene,1.5,11,0,5,1,2.73,6,0,0,0,0,750675
Nuwan Kulasekara,10,60,1,43,2,4.3,38,3,1,1,0,749781
Shaminda Eranga,6,36,0,49,1,8.17,16,6,1,1,0,749781
Sachithra Senanayake,10,60,0,43,2,4.3,37,3,2,0,0,749781
Angelo Mathews,2,12,0,17,0,8.5,7,4,0,0,0,749781
Tillakaratne Dilshan,7,42,0,28,2,4,22,1,0,0,0,749781
Thisara Perera,7,42,0,29,0,4.14,29,5,0,0,0,749781
Jeevan Mendis,1,6,0,5,0,5,4,1,0,0,0,749781
Nuwan Kulasekara,8,48,0,40,1,5,28,4,0,1,0,749783
Thisara Perera,4,24,0,41,0,10.25,9,6,1,0,0,749783
Sachithra Senanayake,10,60,0,55,2,5.5,37,5,3,0,0,749783
Rangana Herath,10,60,0,36,2,3.6,35,3,0,0,0,749783
Jeevan Mendis,10,60,0,47,1,4.7,36,1,3,3,0,749783
Tillakaratne Dilshan,7,42,0,27,0,3.86,21,2,0,0,0,749783
Angelo Mathews,1,6,0,2,0,2,4,0,0,0,0,749783
Nuwan Kulasekara,6,36,0,35,0,5.83,19,4,1,0,0,749785
Dhammika Prasad,6,36,0,30,0,5,20,1,2,0,0,749785
Angelo Mathews,6.5,41,2,21,3,3.07,26,2,0,0,0,749785
Sachithra Senanayake,7,42,0,30,0,4.29,22,3,0,1,0,749785
Thisara Perera,3,18,0,24,0,8,5,0,2,0,0,749785
Nuwan Kulasekara,9,54,0,51,1,5.67,26,5,0,3,0,749787
Angelo Mathews,4,24,1,16,1,4,17,1,1,1,0,749787
Rangana Herath,9,54,1,39,1,4.33,28,2,0,2,0,749787
Thisara Perera,8,48,0,58,1,7.25,19,3,3,0,0,749787
Sachithra Senanayake,9.1,55,0,57,0,6.22,14,1,2,0,0,749787
Jeevan Mendis,7,42,0,40,1,5.71,14,2,1,1,0,749787
Tillakaratne Dilshan,2,12,0,18,0,9,2,2,0,0,0,749787
Nuwan Kulasekara,10,60,0,71,2,7.1,28,8,2,1,0,749789
Suranga Lakmal,10,60,0,93,0,9.3,27,11,4,0,0,749789
Thisara Perera,10,60,0,49,1,4.9,32,5,0,2,0,749789
Lahiru Thirimanne,7,42,0,36,2,5.14,23,4,0,3,0,749789
Sachithra Senanayake,7,42,0,58,0,8.29,10,4,2,0,0,749789
Jeevan Mendis,2,12,0,21,0,10.5,4,1,2,0,0,749789
Tillakaratne Dilshan,4,24,0,31,0,7.75,6,2,1,0,0,749789
Suranga Lakmal,7,42,1,31,0,4.43,27,2,1,1,0,749791
Dhammika Prasad,10,60,0,59,2,5.9,34,8,0,4,0,749791
Rangana Herath,10,60,1,45,1,4.5,31,3,1,0,0,749791
Thisara Perera,10,60,0,86,1,8.6,16,10,1,3,0,749791
Jeevan Mendis,5,30,0,27,0,5.4,10,2,0,0,0,749791
Lahiru Thirimanne,2,12,0,17,0,8.5,4,1,1,0,0,749791
Tillakaratne Dilshan,6,36,0,42,1,7,8,0,2,1,0,749791
Nuwan Kulasekara,9,54,0,55,2,6.11,31,6,1,3,0,749793
Shaminda Eranga,9,54,1,34,2,3.78,36,4,0,1,0,749793
Seekkuge Prasanna,9.2,56,0,30,1,3.21,29,0,0,1,0,749793
Dushmantha Chameera,8,48,0,60,2,7.5,20,6,2,0,0,749793
Thisara Perera,5,30,0,42,1,8.4,9,3,1,1,0,749793
Tillakaratne Dilshan,5,30,0,27,1,5.4,13,3,0,0,0,749793
Nuwan Kulasekara,8,48,0,78,1,9.75,16,9,2,3,0,656399
Lasith Malinga,10,60,0,84,0,8.4,19,8,1,3,3,656399
Angelo Mathews,6,36,0,28,0,4.67,20,4,0,0,0,656399
Rangana Herath,9,54,0,37,1,4.11,30,3,0,1,0,656399
Tillakaratne Dilshan,5,30,0,35,0,7,11,2,1,1,0,656399
Suranga Lakmal,10,60,0,62,2,6.2,28,8,0,0,0,656399
Jeevan Mendis,2,12,0,5,2,2.5,7,0,0,0,0,656399
Lasith Malinga,9.4,58,1,41,3,4.24,44,6,0,5,1,656421
Suranga Lakmal,10,60,1,36,2,3.6,40,2,1,2,0,656421
Angelo Mathews,7,42,0,41,3,5.86,23,3,1,2,0,656421
Thisara Perera,10,60,0,54,1,5.4,33,5,2,1,0,656421
Rangana Herath,10,60,0,41,1,4.1,36,3,1,1,0,656421
Jeevan Mendis,3,18,0,13,0,4.33,9,1,0,0,0,656421
Lasith Malinga,9,54,0,35,3,3.89,34,4,0,0,0,656433
Suranga Lakmal,8,48,0,49,2,6.13,24,6,0,2,0,656433
Angelo Mathews,5.4,34,0,36,1,6.35,18,4,1,0,0,656433
Rangana Herath,10,60,0,43,0,4.3,37,4,1,0,0,656433
Thisara Perera,6.2,38,0,33,1,5.21,18,3,0,1,0,656433
Tillakaratne Dilshan,8,48,0,35,2,4.38,28,2,1,3,0,656433
Lasith Malinga,10,60,0,63,1,6.3,30,10,0,2,0,656441
Suranga Lakmal,7.4,46,0,71,1,9.26,25,11,1,2,2,656441
Angelo Mathews,10,60,1,43,1,4.3,38,4,1,1,0,656441
Tillakaratne Dilshan,8.2,50,0,35,1,4.2,24,1,1,0,0,656441
Rangana Herath,5.5,35,0,35,1,6,10,3,0,0,0,656441
Thisara Perera,8.1,49,0,55,1,6.73,24,6,2,0,0,656441
Lasith Malinga,10,60,0,59,2,5.9,29,7,0,1,0,656461
Sachithra Senanayake,9,54,0,59,0,6.56,23,5,1,0,0,656461
Angelo Mathews,7,42,0,59,1,8.43,15,6,1,2,0,656461
Seekkuge Prasanna,10,60,0,77,1,7.7,23,9,1,0,0,656461
Thisara Perera,9,54,0,87,2,9.67,18,9,4,1,0,656461
Tillakaratne Dilshan,5,30,0,33,1,6.6,10,2,1,0,0,656461
Lasith Malinga,9,54,0,29,2,3.22,35,0,0,2,0,656467
Nuwan Kulasekara,7,42,0,20,3,2.86,30,1,0,1,0,656467
Thisara Perera,7,42,0,41,1,5.86,21,5,0,2,0,656467
Tillakaratne Dilshan,5,30,0,15,1,3,19,1,0,0,0,656467
Seekkuge Prasanna,8,48,0,57,0,7.13,15,3,2,0,0,656467
Dushmantha Chameera,7.1,43,0,51,3,7.12,20,7,0,1,1,656467
Lasith Malinga,6,36,0,43,1,7.17,21,4,0,3,2,656483
Tillakaratne Dilshan,2,12,0,10,0,5,5,0,0,0,0,656483
Nuwan Kulasekara,1,6,0,13,0,13,2,3,0,0,0,656483
Tharindu Kaushal,6,36,0,25,0,4.17,22,1,0,0,0,656483
Dushmantha Chameera,2,12,0,29,0,14.5,3,3,0,4,1,656483
Thisara Perera,1,6,0,10,0,10,3,2,0,1,0,656483
Lasith Malinga,8,48,0,56,0,7,25,8,0,5,0,860269
Suranga Lakmal,5,30,1,21,1,4.2,21,4,0,0,0,860269
Thisara Perera,8,48,0,32,1,4,29,3,0,0,0,860269
Angelo Mathews,5,30,0,22,1,4.4,18,3,0,0,0,860269
Seekkuge Prasanna,9,54,0,72,0,8,21,6,4,0,0,860269
Tillakaratne Dilshan,8.2,50,0,45,1,5.4,21,1,2,0,0,860269
Milinda Siriwardana,2,12,0,10,0,5,6,1,0,0,0,860269
Angelo Mathews,10,60,2,36,1,3.6,34,2,0,0,0,860271
Nuwan Pradeep,8,48,1,42,1,5.25,27,5,0,0,0,860271
Thisara Perera,2,12,0,15,0,7.5,7,3,0,1,0,860271
Lasith Malinga,10,60,0,64,2,6.4,23,4,1,5,1,860271
Sachith Pathirana,9,54,0,70,2,7.78,21,3,5,0,0,860271
Milinda Siriwardana,5,30,0,22,1,4.4,14,1,0,2,0,860271
Tillakaratne Dilshan,6,36,0,31,1,5.17,14,2,0,1,0,860271
Angelo Mathews,8,48,0,52,0,6.5,20,6,0,0,0,860273
Nuwan Pradeep,9,54,0,47,0,5.22,26,4,0,3,0,860273
Lasith Malinga,10,60,0,80,1,8,16,8,1,0,1,860273
Sachith Pathirana,10,60,0,49,1,4.9,29,4,0,0,1,860273
Thisara Perera,10,60,0,63,0,6.3,21,3,0,4,0,860273
Tillakaratne Dilshan,3,18,0,20,0,6.67,4,1,0,1,0,860273
Lasith Malinga,9,54,2,46,1,5.11,36,7,0,0,0,860275
Suranga Lakmal,8,48,0,50,1,6.25,25,6,0,3,0,860275
Sachith Pathirana,10,60,0,81,0,8.1,25,7,4,0,0,860275
Nuwan Pradeep,2.2,14,0,9,0,3.86,8,0,0,1,0,860275
Angelo Mathews,2.4,16,0,9,0,3.38,9,0,0,2,0,860275
Milinda Siriwardana,5.5,35,0,28,1,4.8,24,1,2,0,0,860275
Tillakaratne Dilshan,3,18,0,30,0,10,4,4,0,3,0,860275
Lahiru Gamage,10,60,0,62,1,6.2,33,8,0,1,4,860277
Suranga Lakmal,6,36,0,35,0,5.83,20,5,0,1,0,860277
Sachithra Senanayake,8,48,1,39,3,4.88,27,4,1,0,0,860277
Thisara Perera,8,48,0,38,2,4.75,28,5,0,0,0,860277
Angelo Mathews,3,18,0,9,1,3,12,1,0,0,0,860277
Milinda Siriwardana,2.2,14,0,19,1,8.14,5,3,0,0,0,860277
Lasith Malinga,6,36,1,20,0,3.33,28,3,0,1,0,915777
Suranga Lakmal,5,30,0,15,3,3,24,1,0,2,0,915777
Sachithra Senanayake,5,30,0,25,0,5,17,0,2,0,0,915777
Shehan Jayasuriya,3,18,0,15,1,5,8,1,0,0,0,915777
Ajantha Mendis,4,24,0,46,2,11.5,7,2,4,1,0,915777
Angelo Mathews,3,18,0,35,1,11.67,4,2,2,1,0,915777
Lasith Malinga,7.4,46,0,43,2,5.61,24,4,1,0,0,915779
Suranga Lakmal,7,42,0,51,1,7.29,19,4,2,2,0,915779
Sachithra Senanayake,6,36,0,25,1,4.17,23,0,2,0,0,915779
Ajantha Mendis,7,42,0,44,0,6.29,20,4,1,1,1,915779
Shehan Jayasuriya,2,12,0,11,0,5.5,6,0,1,0,0,915779
Milinda Siriwardana,7,42,1,27,2,3.86,23,1,0,0,0,915779
Tillakaratne Dilshan,1,6,0,7,0,7,2,1,0,0,0,915779
Lasith Malinga,7,42,0,43,2,6.14,26,7,1,0,0,915781
Suranga Lakmal,7,42,0,40,2,5.71,28,5,0,3,0,915781
Dushmantha Chameera,7,42,0,39,2,5.57,26,6,0,3,0,915781
Milinda Siriwardana,5,30,0,17,0,3.4,17,1,0,0,0,915781
Ajantha Mendis,8,48,0,51,2,6.38,19,4,0,3,0,915781
Angelo Mathews,2,12,0,11,1,5.5,5,1,0,0,0,915781
Nuwan Kulasekara,3,18,0,27,0,9,9,4,1,0,0,914207
Suranga Lakmal,3,18,0,24,0,8,10,3,1,1,0,914207
Angelo Mathews,1,6,0,17,0,17,1,2,1,1,0,914207
Ajantha Mendis,5,30,0,49,0,9.8,16,9,0,2,0,914207
Milinda Siriwardana,5,30,0,45,2,9,11,5,2,0,0,914207
Dushmantha Chameera,2,12,0,18,0,9,7,3,0,3,0,914207
Tillakaratne Dilshan,2,12,0,10,1,5,6,1,0,1,0,914207
Dushmantha Chameera,2,12,0,41,0,20.5,2,4,3,4,0,914209
Nuwan Kulasekara,2,12,0,19,0,9.5,6,2,1,2,0,914209
Sachithra Senanayake,2.2,14,0,22,0,9.43,3,3,0,0,0,914209
Jeffrey Vandersay,2,12,0,34,0,17,4,2,4,0,0,914209
Nuwan Pradeep,10,60,0,55,2,5.5,32,4,2,1,0,914211
Dushmantha Chameera,10,60,0,38,2,3.8,42,4,1,1,0,914211
Tillakaratne Dilshan,8,48,1,43,0,5.38,19,3,1,0,0,914211
Nuwan Kulasekara,5,30,0,31,0,6.2,10,2,0,4,0,914211
Angelo Mathews,2,12,0,17,0,8.5,5,3,0,1,0,914211
Jeffrey Vandersay,10,60,1,55,2,5.5,29,4,1,3,1,914211
Milinda Siriwardana,5,30,0,33,1,6.6,9,2,1,0,0,914211
Dushmantha Chameera,3,18,0,32,1,10.67,7,1,3,0,1,914213
Thisara Perera,2,12,0,13,1,6.5,7,2,0,0,0,914213
Nuwan Kulasekara,1,6,0,4,1,4,3,0,0,0,0,914213
Milinda Siriwardana,2,12,0,11,0,5.5,5,0,0,2,0,914213
Jeffrey Vandersay,1,6,0,15,0,15,1,3,0,0,0,914213
Nuwan Pradeep,10,60,1,69,1,6.9,32,7,3,2,0,914215
Dushmantha Chameera,9,54,0,41,0,4.56,23,2,0,1,0,914215
Thisara Perera,6,36,0,45,0,7.5,16,6,1,0,0,914215
Nuwan Kulasekara,10,60,0,53,3,5.3,23,2,1,2,0,914215
Tillakaratne Dilshan,10,60,0,49,1,4.9,22,3,0,0,0,914215
Milinda Siriwardana,5,30,0,32,0,6.4,13,3,1,0,0,914215
Shaminda Eranga,7,42,0,34,1,4.86,26,5,0,0,1,913619
Angelo Mathews,9,54,0,37,2,4.11,33,4,0,1,0,913619
Nuwan Pradeep,8,48,0,45,1,5.63,24,5,1,1,0,913619
Seekkuge Prasanna,6.4,40,0,44,1,6.6,18,3,2,0,0,913619
Dasun Shanaka,9,54,0,43,5,4.78,31,4,0,0,0,913619
Dhananjaya de Silva,1,6,0,7,0,7,2,1,0,0,0,913619
Suranga Lakmal,10,60,1,38,4,3.8,38,2,1,3,0,913621
Angelo Mathews,4,24,1,34,1,8.5,12,4,1,1,0,913621
Farveez Maharoof,10,60,1,60,1,6,31,6,1,0,0,913621
Dasun Shanaka,6,36,0,35,1,5.83,18,4,0,0,0,913621
Seekkuge Prasanna,8,48,1,32,2,4,27,3,0,1,0,913621
Danushka Gunathilaka,7,42,0,40,1,5.71,17,3,1,0,0,913621
Suranga Lakmal,10,60,0,65,2,6.5,31,9,0,3,0,913623
Angelo Mathews,6,36,0,22,2,3.67,21,1,0,0,0,913623
Dasun Shanaka,3,18,0,21,0,7,6,3,0,0,0,913623
Nuwan Pradeep,10,60,0,64,2,6.4,25,5,1,1,0,913623
Farveez Maharoof,10,60,0,59,1,5.9,20,2,0,0,0,913623
Seekkuge Prasanna,10,60,0,43,1,4.3,25,0,1,0,0,913623
Danushka Gunathilaka,1,6,0,10,0,10,0,1,0,0,0,913623
Farveez Maharoof,7,42,1,47,0,6.71,17,4,1,4,0,913625
Suranga Lakmal,5,30,0,21,0,4.2,17,1,0,2,0,913625
Suraj Randiv,8,48,0,62,0,7.75,16,3,3,0,0,913625
Nuwan Pradeep,4,24,0,31,0,7.75,10,3,1,1,0,913625
Seekkuge Prasanna,8.1,49,0,78,0,9.55,13,5,5,1,0,913625
Danushka Gunathilaka,2,12,0,14,0,7,3,1,0,0,0,913625
Suranga Lakmal,2,12,0,8,1,4,8,1,0,0,0,913627
Angelo Mathews,2,12,0,8,0,4,6,0,0,0,0,913627
Suranga Lakmal,7,42,0,48,1,6.86,15,5,0,0,0,913629
Nuwan Pradeep,9,54,0,78,2,8.67,19,8,2,2,0,913629
Angelo Mathews,3,18,0,17,0,5.67,11,3,0,0,0,913629
Farveez Maharoof,8,48,0,58,0,7.25,12,3,1,1,0,913629
Dasun Shanaka,1,6,0,12,0,12,1,2,0,0,0,913629
Seekkuge Prasanna,7.1,43,0,61,0,8.51,10,4,1,4,0,913629
Danushka Gunathilaka,5,30,0,30,1,6,9,2,0,0,0,913629
Suranga Lakmal,10,60,0,65,1,6.5,27,5,2,1,0,913631
Chaminda Bandara,10,60,0,83,1,8.3,21,11,0,1,0,913631
Nuwan Pradeep,8,48,0,59,1,7.38,17,7,0,0,0,913631
Danushka Gunathilaka,10,60,0,48,3,4.8,26,3,0,1,0,913631
Seekkuge Prasanna,10,60,0,52,0,5.2,20,1,1,1,0,913631
Kusal Mendis,2,12,0,13,0,6.5,4,1,0,0,0,913631
Angelo Mathews,7,42,0,33,0,4.71,24,2,1,1,0,995457
Tillakaratne Dilshan,3.5,23,0,25,0,6.52,12,2,1,1,0,995457
Thisara Perera,5,30,1,25,1,5,17,3,0,0,0,995457
Amila Aponso,10,60,1,27,1,2.7,39,0,0,2,0,995457
Milinda Siriwardana,6,36,0,34,0,5.67,18,4,0,0,0,995457
Dilruwan Perera,10,60,0,48,3,4.8,26,2,0,3,0,995457
Lakshan Sandakan,5,30,0,33,2,6.6,13,3,0,2,0,995457
Angelo Mathews,6,36,0,17,2,2.83,25,1,0,0,0,995459
Thisara Perera,5,30,0,33,3,6.6,14,4,0,0,0,995459
Amila Aponso,9.2,56,0,18,4,1.93,42,0,0,1,0,995459
Seekkuge Prasanna,8,48,1,48,1,6,23,3,0,3,0,995459
Dilruwan Perera,10,60,0,43,0,4.3,31,2,0,1,0,995459
Tillakaratne Dilshan,5,30,0,23,0,4.6,13,1,0,0,0,995459
Dhananjaya de Silva,4,24,0,20,0,5,10,1,0,0,0,995459
Angelo Mathews,7,42,0,30,2,4.29,23,3,0,0,0,995461
Thisara Perera,2,12,0,18,0,9,3,2,0,2,0,995461
Amila Aponso,10,60,0,44,2,4.4,38,5,1,1,0,995461
Dilruwan Perera,10,60,0,45,2,4.5,34,4,0,1,0,995461
Tillakaratne Dilshan,4,24,0,24,0,6,10,3,0,0,0,995461
Seekkuge Prasanna,9,54,0,39,1,4.33,25,0,1,2,0,995461
Dhananjaya de Silva,4,24,0,21,1,5.25,11,2,0,0,0,995461
Thisara Perera,3,18,1,24,0,8,10,3,1,0,0,995463
Amila Aponso,8,48,0,59,0,7.38,22,10,0,1,0,995463
Dilruwan Perera,7,42,0,69,1,9.86,14,6,3,0,1,995463
Sachith Pathirana,8,48,0,37,3,4.63,32,4,1,1,0,995463
Dhananjaya de Silva,4,24,0,21,0,5.25,9,0,0,0,0,995463
Angelo Perera,1,6,0,5,0,5,4,1,0,0,0,995463
Suranga Lakmal,8,48,1,30,0,3.75,31,2,0,3,0,995465
Dilruwan Perera,10,60,1,51,3,5.1,30,4,0,1,0,995465
Sachith Pathirana,10,60,0,36,0,3.6,29,0,0,1,0,995465
Dasun Shanaka,2,12,0,10,0,5,7,1,0,0,0,995465
Amila Aponso,6,36,0,33,0,5.5,19,4,0,0,0,995465
Dhananjaya de Silva,7,42,0,35,2,5,20,4,0,0,0,995465
Nuwan Kulasekara,8,48,2,23,2,2.88,39,1,1,1,0,1059710
Suranga Lakmal,7,42,0,19,2,2.71,30,2,0,0,0,1059710
Sachith Pathirana,10,60,0,44,1,4.4,30,0,2,1,0,1059710
Nuwan Pradeep,7,42,1,21,2,3,32,2,0,3,0,1059710
Shehan Jayasuriya,3,18,0,24,0,8,7,1,2,0,0,1059710
Asela Gunaratne,6.3,39,1,21,3,3.23,26,2,0,1,0,1059710
Nuwan Kulasekara,10,60,1,37,2,3.7,39,4,0,3,0,1059711
Suranga Lakmal,9.2,56,1,45,2,4.82,32,2,1,0,0,1059711
Nuwan Pradeep,10,60,1,55,2,5.5,34,4,2,2,0,1059711
Shehan Jayasuriya,4,24,0,19,0,4.75,9,1,0,0,0,1059711
Sachith Pathirana,6,36,0,25,1,4.17,19,0,1,0,0,1059711
Asela Gunaratne,10,60,1,40,1,4,35,1,2,0,0,1059711
Nuwan Kulasekara,5,30,0,17,1,3.4,22,2,0,3,0,1059713
Suranga Lakmal,4,24,1,14,0,3.5,18,2,0,0,0,1059713
Dasun Shanaka,2,12,0,5,0,2.5,9,0,0,1,0,1059713
Dhananjaya de Silva,1,6,0,4,0,4,2,0,0,0,0,1059713
Sachith Pathirana,1.3,9,0,10,0,6.67,3,1,0,0,0,1059713
Nuwan Kulasekara,10,60,0,73,2,7.3,27,4,3,3,0,1059714
Suranga Lakmal,10,60,0,67,2,6.7,28,9,0,3,0,1059714
Shehan Jayasuriya,4,24,0,20,0,5,10,1,0,1,0,1059714
Nuwan Pradeep,10,60,0,65,1,6.5,27,3,3,3,0,1059714
Sachith Pathirana,7,42,0,51,0,7.29,16,4,2,0,0,1059714
Asela Gunaratne,9,54,0,47,1,5.22,21,3,0,1,0,1059714
Nuwan Kulasekara,7,42,0,30,1,4.29,27,3,0,4,0,1059716
Suranga Lakmal,6,36,0,23,1,3.83,24,2,0,1,0,1059716
Sachith Pathirana,7,42,0,26,2,3.71,22,2,0,0,0,1059716
Dasun Shanaka,2,12,0,18,0,9,5,3,0,0,0,1059716
Jeffrey Vandersay,10,60,0,50,3,5,32,3,1,1,1,1059716
Asela Gunaratne,4.3,27,0,10,3,2.22,18,0,0,0,0,1059716
Nuwan Kulasekara,5,30,0,20,0,4,15,1,0,0,0,936159
Suranga Lakmal,6,36,1,29,0,4.83,20,4,0,1,0,936159
Dhananjaya de Silva,2,12,0,9,0,4.5,3,0,0,0,0,936159
Jeffrey Vandersay,7,42,0,51,0,7.29,19,5,2,0,0,936159
Lakshan Sandakan,8,48,0,35,1,4.38,27,4,0,1,0,936159
Asela Gunaratne,5,30,0,19,1,3.8,15,1,0,0,0,936159
Kusal Mendis,1.2,8,0,15,0,11.25,2,2,0,0,0,936159
Nuwan Kulasekara,10,60,0,76,1,7.6,23,6,3,1,0,936161
Suranga Lakmal,7,42,0,54,2,7.71,15,4,2,3,0,936161
Dhananjaya de Silva,8,48,0,42,1,5.25,18,0,2,0,0,936161
Chaturanga de Silva,4,24,0,23,0,5.75,11,2,0,0,0,936161
Lakshan Sandakan,10,60,0,51,1,5.1,19,2,0,1,0,936161
Sachith Pathirana,4,24,0,19,1,4.75,12,0,1,0,0,936161
Asela Gunaratne,7,42,0,37,0,5.29,17,1,1,0,0,936161
Suranga Lakmal,6,36,1,23,0,3.83,26,4,0,1,0,936163
Lahiru Kumara,8,48,0,49,1,6.13,26,4,1,5,1,936163
Lahiru Madushanka,4,24,0,15,1,3.75,13,1,0,0,0,936163
Lakshan Sandakan,6,36,0,33,0,5.5,18,3,0,1,0,936163
Sachith Pathirana,7,42,0,35,0,5,16,2,0,1,0,936163
Dhananjaya de Silva,1,6,0,8,0,8,1,1,0,0,0,936163
Nuwan Kulasekara,10,60,0,74,0,7.4,21,7,2,1,0,936165
Lahiru Kumara,7,42,0,73,2,10.43,14,11,2,0,0,936165
Lahiru Madushanka,10,60,0,69,1,6.9,19,5,1,2,1,936165
Dhananjaya de Silva,3,18,0,18,0,6,8,2,0,0,0,936165
Lakshan Sandakan,8,48,0,62,0,7.75,11,4,1,0,0,936165
Sachith Pathirana,10,60,0,55,2,5.5,14,2,0,1,0,936165
Asela Gunaratne,2,12,0,16,0,8,3,2,0,0,0,936165
Suranga Lakmal,10,60,0,71,3,7.1,27,9,1,4,0,936167
Lahiru Kumara,7,42,0,60,0,8.57,20,6,3,0,1,936167
Lahiru Madushanka,8,48,0,70,2,8.75,12,6,3,0,0,936167
Dhananjaya de Silva,4,24,0,24,0,6,7,2,0,0,0,936167
Sachith Pathirana,6,36,1,43,0,7.17,13,5,1,0,0,936167
Jeffrey Vandersay,10,60,0,61,1,6.1,15,3,0,1,0,936167
Asela Gunaratne,5,30,0,46,0,9.2,7,5,1,1,0,936167
Suranga Lakmal,8,48,0,45,2,5.63,30,6,1,0,0,1083446
Lahiru Kumara,8,48,0,74,1,9.25,18,9,2,3,0,1083446
Thisara Perera,8,48,0,63,0,7.88,20,9,1,0,0,1083446
Sachith Pathirana,5,30,0,27,0,5.4,13,1,0,2,0,1083446
Lakshan Sandakan,8,48,0,43,1,5.38,27,5,0,3,0,1083446
Asela Gunaratne,10,60,0,40,1,4,28,1,0,1,0,1083446
Danushka Gunathilaka,3,18,0,22,0,7.33,6,3,0,0,0,1083446
Nuwan Kulasekara,7.3,45,0,37,4,4.93,27,6,0,0,0,1083448
Suranga Lakmal,8,48,0,38,2,4.75,26,4,0,4,0,1083448
Dilruwan Perera,10,60,1,47,2,4.7,36,2,1,2,0,1083448
Thisara Perera,2,12,0,14,0,7,5,2,0,0,0,1083448
Asela Gunaratne,2,12,0,16,0,8,2,2,0,0,0,1083448
Seekkuge Prasanna,10,60,1,33,2,3.3,38,2,0,3,0,1083448
Milinda Siriwardana,5,30,1,23,0,4.6,17,3,0,0,0,1083448
Lasith Malinga,10,60,0,57,0,5.7,27,5,0,5,0,1022351
Suranga Lakmal,10,60,0,51,1,5.1,33,5,0,2,0,1022351
Nuwan Pradeep,10,60,0,54,2,5.4,31,5,1,1,0,1022351
Asela Gunaratne,10,60,0,64,0,6.4,12,1,1,1,0,1022351
Seekkuge Prasanna,10,60,0,72,1,7.2,21,6,2,1,0,1022351
Lasith Malinga,10,60,0,70,2,7,28,9,1,1,0,1022361
Suranga Lakmal,10,60,1,72,1,7.2,29,8,2,3,0,1022361
Nuwan Pradeep,10,60,0,73,1,7.3,23,7,1,2,0,1022361
Thisara Perera,9,54,0,54,1,6,27,2,4,0,0,1022361
Danushka Gunathilaka,8,48,0,41,0,5.13,24,5,0,0,0,1022361
Asela Gunaratne,3,18,0,7,1,2.33,11,0,0,0,0,1022361
Lasith Malinga,9.5,59,2,52,1,5.29,34,5,1,4,0,1022369
Suranga Lakmal,10,60,0,48,1,4.8,35,6,0,2,0,1022369
Nuwan Pradeep,10,60,0,60,3,6,30,5,1,3,0,1022369
Thisara Perera,8,48,0,43,1,5.38,27,2,1,4,0,1022369
Asela Gunaratne,5,30,0,19,0,3.8,17,2,0,0,0,1022369
Danushka Gunathilaka,1,6,0,2,0,2,4,0,0,0,0,1022369
Dhananjaya de Silva,1,6,0,3,0,3,3,0,0,0,0,1022369
Lasith Malinga,9,54,0,51,1,5.67,31,5,0,3,1,1104478
Nuwan Pradeep,9,54,1,52,0,5.78,25,5,0,0,0,1104478
Akila Dananjaya,10,60,0,61,1,6.1,28,7,0,1,0,1104478
Amila Aponso,8.4,52,0,77,0,8.88,16,8,1,3,0,1104478
Danushka Gunathilaka,2,12,0,13,0,6.5,4,1,0,1,0,1104478
Lahiru Madushanka,2,12,0,18,0,9,4,3,0,1,0,1104478
Asela Gunaratne,7,42,0,45,2,6.43,16,5,0,0,0,1104478
Lasith Malinga,3,18,1,17,0,5.67,14,4,0,0,1,1104479
Nuwan Pradeep,7,42,0,18,1,2.57,32,2,0,0,0,1104479
Dushmantha Chameera,5,30,0,23,0,4.6,21,4,0,2,0,1104479
Lakshan Sandakan,10,60,0,52,4,5.2,34,6,0,2,1,1104479
Asela Gunaratne,5,30,0,15,1,3,18,1,0,0,0,1104479
Danushka Gunathilaka,1,6,0,9,1,9,2,1,0,0,0,1104479
PWH de Silva,2.4,16,0,15,3,5.63,8,2,0,0,0,1104479
Lasith Malinga,9,54,0,71,1,7.89,21,7,1,2,1,1104480
Nuwan Pradeep,6,36,1,28,1,4.67,25,4,0,1,0,1104480
Dushmantha Chameera,7,42,0,34,0,4.86,23,4,0,0,0,1104480
Lakshan Sandakan,10,60,0,73,1,7.3,26,5,3,3,0,1104480
PWH de Silva,7,42,0,44,2,6.29,17,4,0,1,0,1104480
Asela Gunaratne,10,60,1,53,2,5.3,26,4,1,0,0,1104480
Danushka Gunathilaka,1,6,0,5,0,5,4,1,0,0,0,1104480
Lasith Malinga,4,24,1,18,0,4.5,18,1,1,0,0,1104481
Asitha Fernando,2,12,0,22,0,11,5,3,1,0,0,1104481
Dushmantha Chameera,5,30,0,32,1,6.4,18,6,0,1,0,1104481
Asela Gunaratne,7,42,0,41,1,5.86,18,4,1,0,0,1104481
PWH de Silva,6,36,0,40,3,6.67,15,5,0,0,0,1104481
Lakshan Sandakan,3.2,20,0,45,1,13.5,4,6,0,3,0,1104481
Danushka Gunathilaka,2,12,0,16,0,8,4,2,0,0,0,1104481
Lasith Malinga,10,60,0,44,2,4.4,34,4,0,1,1,1104482
Nuwan Kulasekara,3,18,0,25,0,8.33,11,4,1,1,0,1104482
Asela Gunaratne,4,24,0,23,1,5.75,9,2,0,0,0,1104482
Akila Dananjaya,10,60,1,47,4,4.7,36,3,2,0,0,1104482
PWH de Silva,6.1,37,0,45,0,7.3,18,4,2,0,0,1104482
Dushmantha Chameera,4,24,1,16,0,4,18,2,0,2,0,1104482
Danushka Gunathilaka,1,6,0,2,0,2,5,0,0,0,0,1104482
Lasith Malinga,8,48,0,52,0,6.5,21,5,1,1,0,1109605
Vishwa Fernando,6,36,0,43,0,7.17,19,7,0,1,0,1109605
Angelo Mathews,2,12,0,9,0,4.5,6,1,0,0,0,1109605
Thisara Perera,2,12,0,18,0,9,6,4,0,0,0,1109605
Lakshan Sandakan,6,36,0,63,0,10.5,10,7,3,0,0,1109605
PWH de Silva,4.5,29,0,35,0,7.24,13,6,0,0,0,1109605
Lasith Malinga,8,48,0,49,0,6.13,25,4,1,6,0,1109606
Vishwa Fernando,6.2,38,0,32,0,5.05,19,2,0,6,0,1109606
Angelo Mathews,3,18,0,11,0,3.67,11,1,0,1,0,1109606
Dushmantha Chameera,7,42,0,45,0,6.43,21,4,2,0,0,1109606
Akila Dananjaya,10,60,0,54,6,5.4,31,4,1,0,0,1109606
Milinda Siriwardana,10,60,0,39,1,3.9,35,2,1,1,0,1109606
Lasith Malinga,5,30,0,25,1,5,16,3,0,1,0,1109607
Vishwa Fernando,8.1,49,2,35,1,4.29,32,4,1,0,0,1109607
Dushmantha Chameera,10,60,1,59,0,5.9,30,8,0,0,0,1109607
Angelo Mathews,3,18,0,17,0,5.67,10,3,0,0,0,1109607
Akila Dananjaya,10,60,0,38,2,3.8,37,2,1,0,0,1109607
Milinda Siriwardana,9,54,0,43,0,4.78,26,3,1,0,0,1109607
Lasith Malinga,10,60,0,82,1,8.2,17,8,1,6,0,1109608
Vishwa Fernando,8,48,1,76,1,9.5,14,10,1,0,0,1109608
Angelo Mathews,6,36,2,24,2,4,25,2,1,0,0,1109608
Malinda Pushpakumara,9,54,0,65,0,7.22,16,5,2,0,0,1109608
Akila Dananjaya,10,60,0,68,1,6.8,23,6,2,0,0,1109608
PWH de Silva,2,12,0,19,0,9.5,2,3,0,0,0,1109608
Milinda Siriwardana,5,30,0,36,0,7.2,10,5,0,0,0,1109608
Lasith Malinga,8,48,1,35,1,4.38,26,3,0,1,0,1109609
Vishwa Fernando,7,42,0,40,1,5.71,17,3,0,1,1,1109609
Akila Dananjaya,10,60,0,49,0,4.9,27,1,0,0,0,1109609
Angelo Mathews,3,18,0,14,0,4.67,6,0,0,0,0,1109609
Malinda Pushpakumara,10,60,0,40,1,4,35,4,0,0,0,1109609
Milinda Siriwardana,4,24,0,28,0,7,10,4,0,1,0,1109609
PWH de Silva,4.3,27,0,29,1,6.44,13,4,0,0,0,1109609
Suranga Lakmal,10,60,0,47,2,4.7,27,2,0,3,0,1120286
Lahiru Gamage,8,48,0,49,1,6.13,25,6,0,2,0,1120286
Akila Dananjaya,8,48,0,51,1,6.38,23,3,2,2,0,1120286
Thisara Perera,8,48,0,68,1,8.5,11,4,2,1,0,1120286
Jeffrey Vandersay,10,60,0,47,1,4.7,28,4,0,0,0,1120286
Milinda Siriwardana,6,36,0,28,0,4.67,16,2,0,0,0,1120286
Suranga Lakmal,10,60,0,42,1,4.2,34,3,0,2,0,1120287
Lahiru Gamage,10,60,0,57,4,5.7,30,3,2,1,0,1120287
Jeffrey Vandersay,9,54,0,44,1,4.89,23,4,0,0,0,1120287
Thisara Perera,10,60,0,34,2,3.4,31,0,0,0,0,1120287
Akila Dananjaya,9,54,0,30,0,3.33,28,0,0,0,0,1120287
Milinda Siriwardana,2,12,0,9,0,4.5,5,0,0,0,0,1120287
Lahiru Gamage,7,42,1,35,1,5,28,5,1,1,0,1120288
Dushmantha Chameera,10,60,0,33,0,3.3,40,1,0,3,0,1120288
Akila Dananjaya,10,60,0,57,0,5.7,26,1,2,2,0,1120288
Jeffrey Vandersay,9.3,57,1,43,1,4.53,31,3,0,1,0,1120288
Milinda Siriwardana,2,12,0,12,0,6,4,1,0,0,0,1120288
Thisara Perera,4,24,0,22,1,5.5,10,1,0,2,0,1120288
Suranga Lakmal,7,42,0,25,0,3.57,27,1,0,1,0,1120289
Lahiru Gamage,5,30,0,27,1,5.4,19,3,0,1,0,1120289
Akila Dananjaya,8,48,1,29,1,3.63,31,1,1,1,0,1120289
Seekkuge Prasanna,10,60,0,44,1,4.4,29,1,1,0,0,1120289
Thisara Perera,4,24,0,16,0,4,12,1,0,0,0,1120289
Milinda Siriwardana,5,30,0,34,0,6.8,11,2,1,1,0,1120289
Dushmantha Chameera,4,24,1,13,0,3.25,16,1,0,0,0,1120290
Vishwa Fernando,4,24,1,21,0,5.25,16,4,0,0,0,1120290
Jeffrey Vandersay,6.2,38,0,30,1,4.74,21,4,0,1,0,1120290
Thisara Perera,2,12,0,18,0,9,5,2,1,0,0,1120290
Seekkuge Prasanna,4,24,0,21,0,5.25,8,0,0,2,0,1120290
Suranga Lakmal,10,60,4,13,4,1.3,53,1,0,1,0,1122726
Angelo Mathews,5,30,2,8,1,1.6,27,1,0,1,0,1122726
Nuwan Pradeep,10,60,4,37,2,3.7,47,6,1,0,0,1122726
Thisara Perera,4.2,26,0,29,1,6.69,15,6,0,0,0,1122726
Akila Dananjaya,5,30,2,7,1,1.4,26,1,0,0,0,1122726
Sachith Pathirana,4,24,1,16,1,4,19,2,1,0,0,1122726
Angelo Mathews,4,24,1,9,0,2.25,18,1,0,0,0,1122727
Suranga Lakmal,8,48,0,71,0,8.88,21,7,4,1,0,1122727
Thisara Perera,8,48,0,80,3,10,14,5,5,1,0,1122727
Nuwan Pradeep,10,60,0,106,0,10.6,15,9,5,3,0,1122727
Akila Dananjaya,10,60,0,51,0,5.1,24,3,0,1,0,1122727
Sachith Pathirana,9,54,0,63,1,7,19,6,1,3,0,1122727
Asela Gunaratne,1,6,0,10,0,10,1,1,0,2,0,1122727
Suranga Lakmal,5,30,2,20,0,4,22,3,0,1,0,1122728
Akila Dananjaya,7.1,43,0,53,1,7.4,22,5,2,2,0,1122728
Angelo Mathews,3,18,0,30,0,10,4,5,0,0,0,1122728
Sachith Pathirana,4,24,0,33,0,8.25,6,3,1,0,0,1122728
Nuwan Pradeep,3,18,0,10,0,3.33,11,1,0,0,0,1122728
Thisara Perera,5,30,0,25,1,5,14,3,0,0,0,1122728
Asela Gunaratne,4,24,0,30,0,7.5,12,3,0,4,0,1122728
Danushka Gunathilaka,1,6,0,12,0,12,2,1,1,0,0,1122728
Suranga Lakmal,10,60,0,70,1,7,29,11,0,2,0,1130738
Akila Dananjaya,10,60,0,67,0,6.7,27,9,1,0,0,1130738
Thisara Perera,10,60,0,43,2,4.3,42,3,2,2,0,1130738
Dushmantha Chameera,10,60,0,51,0,5.1,33,4,0,5,0,1130738
PWH de Silva,3,18,0,18,0,6,5,1,0,0,0,1130738
Asela Gunaratne,7,42,0,37,3,5.29,15,1,1,1,0,1130738
Suranga Lakmal,9,54,0,60,0,6.67,26,8,1,1,0,1130739
Nuwan Pradeep,10,60,0,66,2,6.6,25,9,0,1,0,1130739
Akila Dananjaya,10,60,0,40,1,4,34,2,1,2,0,1130739
Thisara Perera,9,54,0,60,3,6.67,20,5,1,3,0,1130739
Asela Gunaratne,5,30,0,38,1,7.6,9,1,2,0,0,1130739
PWH de Silva,7,42,0,51,0,7.29,10,3,1,0,0,1130739
Suranga Lakmal,7,42,0,23,0,3.29,26,2,0,0,0,1130740
Nuwan Pradeep,8,48,2,28,3,3.5,38,4,0,2,0,1130740
Thisara Perera,8,48,0,33,4,4.13,33,4,0,2,0,1130740
Akila Dananjaya,10,60,0,45,0,4.5,29,3,0,2,0,1130740
Lakshan Sandakan,10,60,0,57,2,5.7,26,5,0,5,0,1130740
Asela Gunaratne,1,6,0,4,0,4,2,0,0,0,0,1130740
Suranga Lakmal,7,42,1,21,3,3,34,2,0,1,0,1130742
Dushmantha Chameera,5,30,1,6,2,1.2,26,0,0,2,0,1130742
Thisara Perera,6,36,0,27,2,4.5,22,4,0,1,0,1130742
Lakshan Sandakan,6,36,0,24,2,4,21,1,0,2,0,1130742
Suranga Lakmal,9,54,2,29,0,3.22,39,1,2,0,0,1130743
Dushmantha Chameera,8,48,1,17,2,2.13,35,1,0,1,0,1130743
Thisara Perera,7,42,0,31,0,4.43,23,3,0,0,0,1130743
Shehan Madushanka,6.1,37,1,26,3,4.22,23,2,0,2,0,1130743
Akila Dananjaya,9,54,0,30,2,3.33,37,0,2,2,0,1130743
Danushka Gunathilaka,2,12,1,4,0,2,9,0,0,1,0,1130743
Akila Dananjaya,10,60,0,50,3,5,38,6,1,0,0,1142584
Suranga Lakmal,6,36,0,37,1,6.17,21,6,0,1,0,1142584
Shehan Jayasuriya,4,24,0,23,0,5.75,14,2,1,1,0,1142584
Lahiru Kumara,3,18,0,11,0,3.67,12,1,0,1,0,1142584
Lakshan Sandakan,8,48,0,74,1,9.25,18,12,1,1,0,1142584
Suranga Lakmal,7,42,0,39,1,5.57,22,4,0,0,0,1142585
Kasun Rajitha,5.5,35,0,44,1,7.54,17,6,1,0,0,1142585
Akila Dananjaya,10,60,0,60,3,6,30,6,1,2,0,1142585
Thisara Perera,7,42,0,34,1,4.86,25,4,0,1,0,1142585
Prabath Jayasuriya,10,60,0,53,0,5.3,32,5,1,0,0,1142585
Shehan Jayasuriya,3,18,0,16,0,5.33,9,0,1,0,0,1142585
Suranga Lakmal,9,54,1,59,0,6.56,31,7,2,2,1,1142586
Lahiru Kumara,10,60,0,67,2,6.7,29,9,0,2,0,1142586
Akila Dananjaya,10,60,0,81,1,8.1,20,5,3,4,0,1142586
Thisara Perera,10,60,0,75,4,7.5,23,7,1,0,0,1142586
Prabath Jayasuriya,6,36,0,42,0,7,10,2,1,0,0,1142586
Dhananjaya de Silva,5,30,0,32,0,6.4,13,3,1,0,0,1142586
Suranga Lakmal,5,30,0,46,3,9.2,11,5,1,1,1,1142587
Akila Dananjaya,3,18,0,30,1,10,7,4,1,2,0,1142587
Thisara Perera,4,24,0,32,2,8,8,4,0,1,0,1142587
Dasun Shanaka,2,12,0,20,1,10,1,3,0,0,0,1142587
Lahiru Kumara,3,18,0,28,0,9.33,7,3,1,0,0,1142587
Dhananjaya de Silva,4,24,0,26,1,6.5,8,1,1,2,0,1142587
Suranga Lakmal,4,24,0,22,1,5.5,17,5,0,0,0,1142588
Akila Dananjaya,9,54,0,29,6,3.22,37,3,0,0,0,1142588
Dhananjaya de Silva,4,24,0,21,1,5.25,13,3,0,0,0,1142588
Thisara Perera,2,12,0,14,0,7,3,0,1,0,0,1142588
Lahiru Kumara,5.4,34,0,34,2,6,17,5,0,1,0,1142588
Lasith Malinga,10,60,2,23,4,2.3,44,0,0,3,1,1153243
Suranga Lakmal,10,60,0,46,1,4.6,32,4,0,1,0,1153243
Amila Aponso,9,54,0,55,1,6.11,24,5,1,0,0,1153243
Thisara Perera,7.3,45,0,51,1,6.8,23,4,3,1,0,1153243
Dilruwan Perera,3,18,0,25,0,8.33,5,2,1,0,0,1153243
Dhananjaya de Silva,7,42,0,38,2,5.43,19,2,1,1,0,1153243
Dasun Shanaka,3,18,0,19,0,6.33,7,2,0,0,0,1153243
Lasith Malinga,10,60,0,66,1,6.6,28,8,0,3,0,1153245
Dushmantha Chameera,10,60,2,43,1,4.3,34,3,1,1,0,1153245
Thisara Perera,9,54,0,55,5,6.11,26,5,1,0,0,1153245
Akila Dananjaya,10,60,0,39,2,3.9,35,1,1,3,0,1153245
Dhananjaya de Silva,5,30,0,22,0,4.4,11,0,0,0,0,1153245
Shehan Jayasuriya,6,36,0,22,1,3.67,20,2,0,0,0,1153245
Lasith Malinga,5,30,0,37,0,7.4,17,7,0,2,0,1140379
Nuwan Pradeep,5,30,0,23,1,4.6,20,4,0,0,0,1140379
Akila Dananjaya,5,30,0,30,1,6,16,2,2,0,0,1140379
Lasith Malinga,10,60,1,44,5,4.4,34,5,0,1,1,1140380
Nuwan Pradeep,10,60,0,52,1,5.2,32,6,0,2,0,1140380
Akila Dananjaya,10,60,0,64,1,6.4,26,8,0,0,0,1140380
Thisara Perera,7,42,0,37,1,5.29,22,3,1,0,0,1140380
Lakshan Sandakan,9,54,0,59,0,6.56,18,5,0,1,1,1140380
Dhananjaya de Silva,4,24,0,19,1,4.75,13,1,1,0,0,1140380
Lasith Malinga,4,24,0,39,0,9.75,9,4,1,3,0,1140381
Amila Aponso,3.3,21,0,27,2,7.71,9,3,1,0,0,1140381
Akila Dananjaya,4,24,0,33,1,8.25,7,2,1,2,0,1140381
Dhananjaya de Silva,4,24,0,23,0,5.75,8,1,0,0,0,1140381
Nuwan Pradeep,2,12,0,21,0,10.5,2,2,1,0,0,1140381
Thisara Perera,1,6,0,8,0,8,2,1,0,0,0,1140381
Lasith Malinga,5,30,0,15,0,3,22,2,0,1,0,1140382
Amila Aponso,6,36,0,37,0,6.17,16,2,2,0,0,1140382
Kasun Rajitha,5,30,0,27,0,5.4,15,3,0,1,0,1140382
Akila Dananjaya,7,42,0,27,2,3.86,23,2,0,1,0,1140382
Dhananjaya de Silva,4,24,0,18,0,4.5,10,1,0,0,1,1140382
Kasun Rajitha,5,30,0,21,1,4.2,23,4,0,0,0,1140383
Dushmantha Chameera,6,36,0,20,3,3.33,26,2,0,1,0,1140383
Thisara Perera,2,12,0,18,0,9,3,3,0,0,0,1140383
Dhananjaya de Silva,4,24,0,18,1,4.5,14,1,1,0,0,1140383
Akila Dananjaya,6.1,37,0,19,4,3.08,23,1,0,0,0,1140383
Lakshan Sandakan,3,18,0,35,0,11.67,4,7,0,0,0,1140383
Lasith Malinga,10,60,0,78,2,7.8,21,7,1,4,2,1153840
Nuwan Pradeep,8,48,0,72,2,9,21,8,3,0,1,1153840
Thisara Perera,10,60,0,80,2,8,23,4,5,1,1,1153840
Seekkuge Prasanna,10,60,0,60,0,6,27,4,2,0,0,1153840
Lakshan Sandakan,10,60,0,64,0,6.4,22,2,3,0,0,1153840
Asela Gunaratne,1,6,0,5,0,5,1,0,0,0,0,1153840
Danushka Gunathilaka,1,6,0,10,0,10,2,2,0,0,0,1153840
Lasith Malinga,10,60,0,45,2,4.5,31,4,0,0,0,1153841
Nuwan Pradeep,9,54,0,59,1,6.56,18,6,0,0,0,1153841
Danushka Gunathilaka,1,6,0,10,0,10,1,1,0,0,0,1153841
Thisara Perera,7,42,0,69,0,9.86,14,4,5,2,0,1153841
Lakshan Sandakan,10,60,0,56,0,5.6,29,7,0,1,0,1153841
Seekkuge Prasanna,5,30,0,34,0,6.8,11,1,2,0,0,1153841
Asela Gunaratne,8,48,0,40,0,5,19,3,0,0,0,1153841
Lasith Malinga,10,60,1,93,3,9.3,26,5,6,1,0,1153842
Dushmantha Chameera,8,48,0,55,0,6.88,20,8,0,0,0,1153842
Nuwan Pradeep,9,54,1,77,0,8.56,26,9,2,5,1,1153842
Thisara Perera,2,12,0,8,0,4,7,1,0,0,0,1153842
Lakshan Sandakan,10,60,0,54,1,5.4,22,3,1,0,0,1153842
Dasun Shanaka,6,36,0,36,0,6,13,3,0,0,0,1153842
Dhananjaya de Silva,5,30,0,35,0,7,5,3,0,0,0,1153842
Lasith Malinga,7,42,0,37,0,5.29,21,4,0,1,0,1144167
Vishwa Fernando,5,30,0,43,1,8.6,13,7,0,1,0,1144167
Akila Dananjaya,10,60,0,52,1,5.2,27,6,0,0,0,1144167
Thisara Perera,3,18,0,22,0,7.33,10,3,0,0,0,1144167
Dhananjaya de Silva,4,24,0,21,0,5.25,15,2,1,0,0,1144167
Lakshan Sandakan,9.5,59,0,56,0,5.69,25,6,0,2,0,1144167
Lasith Malinga,9,54,0,39,2,4.33,31,3,0,3,0,1144168
Vishwa Fernando,5,30,0,47,1,9.4,13,9,0,1,0,1144168
Dhananjaya de Silva,8,48,0,55,2,6.88,18,6,1,0,0,1144168
Kasun Rajitha,7,42,0,46,1,6.57,26,9,0,2,0,1144168
Akila Dananjaya,9.1,55,1,38,1,4.15,28,3,0,0,0,1144168
Thisara Perera,7,42,0,26,3,3.71,27,3,0,1,0,1144168
Lasith Malinga,10,60,0,68,1,6.8,22,8,0,1,0,1144169
Isuru Udana,8,48,0,50,2,6.25,20,5,1,0,0,1144169
Kasun Rajitha,8,48,0,69,1,8.63,21,12,0,3,0,1144169
Akila Dananjaya,9,54,0,56,0,6.22,18,1,3,1,0,1144169
Thisara Perera,5,30,0,38,0,7.6,10,6,0,0,0,1144169
Kamindu Mendis,10,60,0,45,1,4.5,28,4,0,0,0,1144169
Dhananjaya de Silva,10,60,1,41,3,4.1,37,4,1,0,0,1144170
Lasith Malinga,7,42,0,38,0,5.43,24,5,0,1,0,1144170
Isuru Udana,2,12,0,15,0,7.5,3,2,0,0,0,1144170
Kasun Rajitha,5,30,0,32,1,6.4,13,4,0,1,0,1144170
Kamindu Mendis,4,24,0,34,0,8.5,8,4,1,0,0,1144170
Oshada Fernando,2,12,0,16,0,8,2,0,1,0,0,1144170
Thisara Perera,2.5,17,0,13,0,4.59,7,1,0,0,0,1144170
Lasith Malinga,6,36,0,22,1,3.67,25,1,0,1,0,1144171
Dhananjaya de Silva,1,6,0,3,0,3,4,0,0,0,0,1144171
Isuru Udana,7,42,1,37,0,5.29,22,4,0,1,0,1144171
Akila Dananjaya,7,42,0,38,0,5.43,19,4,0,0,0,1144171
Thisara Perera,5,30,0,20,1,4,15,1,0,0,0,1144171
Angelo Perera,2,12,0,11,0,5.5,5,1,0,0,0,1144171
Suranga Lakmal,7,42,0,55,2,7.86,22,7,2,2,0,1169332
Nuwan Pradeep,7,42,0,34,4,4.86,24,5,0,1,0,1169332
Dhananjaya de Silva,5.2,32,0,30,0,5.63,15,3,0,0,0,1169332
Thisara Perera,7,42,1,46,1,6.57,17,4,1,1,0,1169332
Isuru Udana,7,42,0,31,1,4.43,19,0,1,0,0,1169332
Lasith Malinga,5,30,0,46,0,9.2,9,6,0,1,1,1144485
Suranga Lakmal,4,24,0,28,0,7,12,2,1,1,0,1144485
Isuru Udana,3,18,0,24,0,8,6,2,1,0,0,1144485
Thisara Perera,3,18,0,25,0,8.33,6,4,0,0,0,1144485
Jeevan Mendis,1.1,7,0,11,0,9.43,2,0,1,0,0,1144485
Lasith Malinga,6.4,40,0,39,3,5.85,23,4,1,3,0,1144489
Suranga Lakmal,6,36,0,27,0,4.5,23,2,1,2,0,1144489
Isuru Udana,6,36,0,28,1,4.67,22,2,0,0,1,1144489
Nuwan Pradeep,9,54,1,31,4,3.44,41,3,0,4,0,1144489
Thisara Perera,4,24,0,19,1,4.75,16,2,0,2,0,1144489
Dhananjaya de Silva,1,6,0,7,0,7,2,1,0,0,0,1144489
Lasith Malinga,10,60,1,61,1,6.1,29,5,1,3,1,1144502
Nuwan Pradeep,10,60,0,88,0,8.8,26,13,2,1,0,1144502
Isuru Udana,10,60,0,57,2,5.7,24,4,0,1,0,1144502
Thisara Perera,10,60,0,67,0,6.7,19,6,1,1,0,1144502
Dhananjaya de Silva,8,48,0,40,2,5,24,1,2,2,0,1144502
Milinda Siriwardana,2,12,0,17,0,8.5,4,1,1,0,0,1144502
Lasith Malinga,10,60,1,43,4,4.3,39,5,0,2,0,1144509
Nuwan Pradeep,10,60,1,38,1,3.8,40,5,0,2,0,1144509
Dhananjaya de Silva,8,48,0,32,3,4,24,0,1,0,0,1144509
Thisara Perera,8,48,0,34,0,4.25,23,2,0,0,0,1144509
Isuru Udana,8,48,0,41,2,5.13,28,3,2,1,0,1144509
Jeevan Mendis,3,18,0,23,0,7.67,5,0,2,0,0,1144509
Lasith Malinga,10,60,1,47,1,4.7,38,6,0,2,0,1144517
Dhananjaya de Silva,4,24,0,18,0,4.5,14,2,0,1,0,1144517
Suranga Lakmal,6,36,0,47,0,7.83,15,4,1,1,0,1144517
Thisara Perera,5.2,32,1,28,0,5.25,15,3,0,0,0,1144517
Jeevan Mendis,7,42,0,36,0,5.14,16,1,0,3,0,1144517
Isuru Udana,5,30,0,29,0,5.8,11,2,0,2,0,1144517
Lasith Malinga,10,60,0,55,3,5.5,34,6,0,4,1,1144521
Dhananjaya de Silva,10,60,0,49,0,4.9,31,4,1,0,0,1144521
Isuru Udana,10,60,0,67,0,6.7,27,7,1,3,0,1144521
Kasun Rajitha,10,60,0,76,1,7.6,28,6,4,4,1,1144521
Jeffrey Vandersay,7,42,0,50,1,7.14,19,5,0,4,0,1144521
Dimuth Karunaratne,1,6,0,7,0,7,4,0,1,0,0,1144521
Angelo Mathews,2,12,0,6,1,3,7,0,0,0,0,1144521
Lasith Malinga,10,60,1,82,1,8.2,20,12,0,4,0,1144526
Kasun Rajitha,8,48,0,47,1,5.88,26,8,0,0,0,1144526
Isuru Udana,9.3,57,0,50,1,5.26,29,6,0,0,0,1144526
Thisara Perera,10,60,0,34,0,3.4,32,1,0,0,0,1144526
Dhananjaya de Silva,6,36,0,51,0,8.5,13,3,3,1,0,1144526
Lasith Malinga,9.4,58,2,38,3,3.93,42,4,0,8,0,1193504
Nuwan Pradeep,9,54,1,51,3,5.67,28,5,0,0,0,1193504
Thisara Perera,6,36,0,36,0,6,17,5,0,1,0,1193504
Lahiru Kumara,7,42,0,45,1,6.43,23,3,0,4,0,1193504
Dhananjaya de Silva,10,60,0,49,2,4.9,23,2,0,2,0,1193504
Dhananjaya de Silva,10,60,0,39,0,3.9,29,2,0,1,0,1193505
Nuwan Pradeep,10,60,0,53,2,5.3,31,5,0,1,1,1193505
Isuru Udana,10,60,0,58,2,5.8,27,5,1,1,0,1193505
Lahiru Kumara,10,60,0,42,0,4.2,36,3,0,3,0,1193505
Akila Dananjaya,10,60,0,39,2,3.9,34,3,0,2,0,1193505
Shehan Jayasuriya,6,36,0,40,0,6.67,14,3,1,0,0,1193506
Kasun Rajitha,5,30,0,17,2,3.4,22,2,0,3,0,1193506
Akila Dananjaya,10,60,0,44,1,4.4,30,2,1,0,0,1193506
Dasun Shanaka,6,36,0,27,3,4.5,20,3,0,2,0,1193506
PWH de Silva,4,24,1,16,1,4,16,2,0,0,0,1193506
Lahiru Kumara,5,30,0,26,2,5.2,17,4,0,0,0,1193506
Shehan Jayasuriya,10,60,1,48,0,4.8,23,1,1,0,0,1198487
Nuwan Pradeep,9,54,0,59,0,6.56,25,5,2,0,0,1198487
Isuru Udana,9,54,0,60,1,6.67,23,7,0,2,0,1198487
Lahiru Kumara,10,60,0,59,1,5.9,26,5,1,0,0,1198487
Danushka Gunathilaka,2,12,0,8,0,4,4,0,0,0,0,1198487
PWH de Silva,10,60,0,63,2,6.3,24,2,3,0,1,1198487
Nuwan Pradeep,9.2,56,1,53,2,5.68,34,8,1,0,0,1198488
Dasun Shanaka,5,30,0,28,0,5.6,14,2,0,0,0,1198488
Lahiru Kumara,7,42,0,55,1,7.86,14,6,1,1,0,1198488
Lakshan Sandakan,10,60,0,62,0,6.2,23,3,1,1,0,1198488
PWH de Silva,10,60,0,54,1,5.4,29,6,0,0,0,1198488
Shehan Jayasuriya,7,42,0,39,1,5.57,11,1,0,0,0,1198488