Score,Wickets,Overs,Balls,RPO,Target,Inning,Result,Opposition,Date,Match_Id,URL_Text,Batting_Session,Bowling_Session,Venue,Pitch Condition,Extras,Toss_Won,Season,Match number,Hours of play (local time),Points
261,3,44.5,269,5.82,261,2,won,Bangladesh,4-Jan-10,434258,ODI # 2937,18.45-22.15,14.30-18.00,"Shere Bangla National Stadium, Mirpur, Dhaka",,24,TRUE,2009/10,ODI No. 2937,"14.30 start, First Session 14.30-18.00, Interval 18.00-18.45, Second Session 18.45-22.15","Sri Lanka 4, Bangladesh 0"
283,5,48,288,5.89,280,2,won,India,5-Jan-10,434259,ODI # 2938,18.45-22.15,14.30-18.00,"Shere Bangla National Stadium, Mirpur, Dhaka",,18,TRUE,2009/10,ODI No. 2938,"14.30 start, First Session 14.30-18.00, Interval 18.00-18.45, Second Session 18.45-22.15","Sri Lanka 4, India 0"
252,1,42.5,257,5.88,250,2,won,Bangladesh,8-Jan-10,434261,ODI # 2940,18.15-21.45,14.00-17.30,"Shere Bangla National Stadium, Mirpur, Dhaka",,9,TRUE,2009/10,ODI No. 2940,"14.00 start, First Session 14.00-17.30, Interval 17.30-18.15, Second Session 18.15-21.45","Sri Lanka 4, Bangladesh 0"
213,10,46.1,277,4.61,,1,lost,India,10-Jan-10,434262,ODI # 2941,14.00-17.30,18.15-21.45,"Shere Bangla National Stadium, Mirpur, Dhaka",,10,TRUE,2009/10,ODI No. 2941,"14.00 start, First Session 14.00-17.30, Interval 17.30-18.15, Second Session 18.15-21.45","India 5, Sri Lanka 0"
249,6,48.3,291,5.13,246,2,won,India,13-Jan-10,434264,ODI # 2943,18.15-21.45,14.00-17.30,"Shere Bangla National Stadium, Mirpur, Dhaka",,6,TRUE,2009/10,ODI No. 2943,"14.00 start, First Session 14.00-17.30, Interval 17.30-18.15, Second Session 18.15-21.45",
242,10,49.5,299,4.85,,1,lost,India,30-May-10,452147,ODI # 2983,09.00-12.30,13.15-16.45,"Queens Sports Club, Bulawayo",,7,FALSE,2010,ODI No. 2983,"09.00 start, First Session 09.00-12.30, Interval 12.30-13.15, Second Session 13.15-16.45","India 4, Sri Lanka 0"
119,1,15.2,92,7.76,119,2,won,Zimbabwe,1-Jun-10,452148,ODI # 2985,13.15-16.45,09.00-12.30,"Queens Sports Club, Bulawayo",,9,TRUE,2010,ODI No. 2985,"09.00 start, First Session 09.00-12.30, Interval 12.30-13.15, Second Session 13.15-16.45","Sri Lanka 5, Zimbabwe 0"
270,4,48.2,290,5.58,269,2,won,India,5-Jun-10,452150,ODI # 2988,13.15-16.45,09.00-12.30,Harare Sports Club,,6,TRUE,2010,ODI No. 2988,"09.00 start, First Session 09.00-12.30, Interval 12.30-13.15, Second Session 13.15-16.45","Sri Lanka 4, India 0"
236,10,47.5,287,4.93,,1,lost,Zimbabwe,7-Jun-10,452151,ODI # 2989,09.00-12.30,13.15-16.45,Harare Sports Club,,9,FALSE,2010,ODI No. 2989,"09.00 start, First Session 09.00-12.30, Interval 12.30-13.15, Second Session 13.15-16.45","Zimbabwe 4, Sri Lanka 0"
203,1,34.4,208,5.85,200,2,won,Zimbabwe,9-Jun-10,452152,ODI # 2990,13.15-16.45,09.00-12.30,Harare Sports Club,,7,TRUE,2010,ODI No. 2990,"09.00 start, First Session 09.00-12.30, Interval 12.30-13.15, Second Session 13.15-16.45",
242,9,50,300,4.84,,1,won,Pakistan,15-Jun-10,455231,ODI # 2991,14.30-18.00,18.45-22.15,Rangiri Dambulla International Stadium,,11,TRUE,2010,ODI No. 2991,"14.30 start, First Session 14.30-18.00, Interval 18.00-18.45, Second Session 18.45-22.15","Sri Lanka 4, Pakistan 0"
312,4,50,300,6.24,,1,won,Bangladesh,18-Jun-10,455233,ODI # 2995,14.30-18.00,18.45-22.15,Rangiri Dambulla International Stadium,,13,TRUE,2010,ODI No. 2995,"14.30 start, First Session 14.30-18.00, Interval 18.00-18.45, Second Session 18.45-22.15","Sri Lanka 5, Bangladesh 0"
211,3,37.3,225,5.62,210,2,won,India,22-Jun-10,455236,ODI # 2999,18.45-22.15,14.30-18.00,Rangiri Dambulla International Stadium,,16,TRUE,2010,ODI No. 2999,"14.30 start, First Session 14.30-18.00, Interval 18.00-18.45, Second Session 18.45-22.15","Sri Lanka 5, India 0"
187,10,44.4,268,4.18,269,2,lost,India,24-Jun-10,455237,ODI # 3001,18.45-22.15,14.30-18.00,Rangiri Dambulla International Stadium,,18,FALSE,2010,ODI No. 3001,"14.30 start, First Session 14.30-18.00, Interval 18.00-18.45, Second Session 18.45-22.15",
195,7,40.5,245,4.77,193,2,won,New Zealand,13-Aug-10,456664,ODI # 3031,18.45-22.15,14.30-18.00,Rangiri Dambulla International Stadium,,13,FALSE,2010,ODI No. 3031,"14.30 start, First Session 14.30-18.00, Interval 18.00-18.45, Second Session 18.45-22.15","Sri Lanka 4, New Zealand 0"
170,10,46.1,277,3.68,,1,lost,India,16-Aug-10,456663,ODI # 3032,14.30-18.00,18.45-22.15,Rangiri Dambulla International Stadium,,11,TRUE,2010,ODI No. 3032,"14.30 start, First Session 14.30-18.00, Interval 18.00-18.45, Second Session 18.45-22.15","India 5, Sri Lanka 0"
203,3,43.4,262,4.64,,1,n/r,New Zealand,19-Aug-10,473315,ODI # 3037,14.30-18.00,18.45-22.15,Rangiri Dambulla International Stadium,,7,FALSE,2010,ODI No. 3037,"14.30 start, First Session 14.30-18.00, Interval 18.00-18.45, Second Session 18.45-22.15","Sri Lanka 2, New Zealand 2"
104,2,15.1,91,6.85,104,2,won,India,22-Aug-10,456666,ODI # 3038,18.45-22.15,14.30-18.00,Rangiri Dambulla International Stadium,,11,FALSE,2010,ODI No. 3038,"14.30 start, First Session 14.30-18.00, Interval 18.00-18.45, Second Session 18.45-22.15","Sri Lanka 5, India 0"
299,8,50,300,5.98,,1,won,India,28-Aug-10,456668,ODI # 3040,14.30-18.00,18.45-22.15,Rangiri Dambulla International Stadium,,24,TRUE,2010,ODI No. 3040,"14.30 start, First Session 14.30-18.00, Interval 18.00-18.45, Second Session 18.45-22.15",
243,9,44.2,266,5.48,240,2,won,Australia,3-Nov-10,446957,ODI # 3065,18.35-22.05,14.20-17.50,Melbourne Cricket Ground,,14,FALSE,2010/11,ODI No. 3065,"14.20 start, First Session 14.20-17.50 Interval 17.50-18.35, Second Session 18.35-22.05",
213,3,41.1,247,5.17,,1,won,Australia,5-Nov-10,446958,ODI # 3066,14.20-17.50,18.35-22.05,Sydney Cricket Ground,,13,TRUE,2010/11,ODI No. 3066,"14.20 start, First Session 14.20-17.50 Interval 17.50-18.35, Second Session 18.35-22.05",
115,10,32,192,3.59,,1,lost,Australia,7-Nov-10,446959,ODI # 3068,13.20-16.50,17.35-21.05,"Brisbane Cricket Ground, Woolloongabba, Brisbane",,25,TRUE,2010/11,ODI No. 3068,"13.20 start, First Session 13.20-16.50 Interval 16.50-17.35, Second Session 17.35-21.05",
DNB,0,0,0,-,,0,n/r,West Indies,31-Jan-11,464990,ODI # 3092,13.45-17.15,09.30-13.00,"Sinhalese Sports Club Ground, Colombo",,,FALSE,2010/11,ODI No. 3092,"09.30 start, First Session 09.30-13.00, Interval 13.00-13.45, Second Session 13.45-17.15",
199,2,42.3,255,4.68,197,2,won,West Indies,3-Feb-11,464991,ODI # 3096,13.45-17.15,09.30-13.00,"Sinhalese Sports Club Ground, Colombo",,19,TRUE,2010/11,ODI No. 3096,"09.30 start, First Session 09.30-13.00, Interval 13.00-13.45, Second Session 13.45-17.15",
277,9,50,300,5.54,,1,won,West Indies,6-Feb-11,464992,ODI # 3099,09.30-13.00,13.45-17.15,"Sinhalese Sports Club Ground, Colombo",,16,FALSE,2010/11,ODI No. 3099,"09.30 start, First Session 09.30-13.00, Interval 13.00-13.45, Second Session 13.45-17.15",
332,7,50,300,6.64,,1,won,Canada,20-Feb-11,433560,ODI # 3102,14.30-18.00,18.45-22.15,"Mahinda Rajapaksa International Cricket Stadium, Sooriyawewa, Hambantota",,12,TRUE,2010/11,ODI No. 3102,"14.30 start, First Session 14.30-18.00, Interval 18.00-18.45, Second Session 18.45-22.15","Sri Lanka 2, Canada 0"
266,9,50,300,5.32,278,2,lost,Pakistan,26-Feb-11,433567,ODI # 3109,18.45-22.15,14.30-18.00,"R.Premadasa Stadium, Khettarama, Colombo",,29,FALSE,2010/11,ODI No. 3109,"14.30 start, First Session 14.30-18.00, Interval 18.00-18.45, Second Session 18.45-22.15","Pakistan 2, Sri Lanka 0"
146,1,18.4,112,7.82,143,2,won,Kenya,1-Mar-11,433571,ODI # 3113,18.45-22.15,14.30-18.00,"R.Premadasa Stadium, Khettarama, Colombo",,8,FALSE,2010/11,ODI No. 3113,"14.30 start, First Session 14.30-18.00, Interval 18.00-18.45, Second Session 18.45-22.15","Sri Lanka 2, Kenya 0"
146,3,32.5,197,4.44,,1,n/r,Australia,5-Mar-11,433577,ODI # 3119,14.30-18.00,18.45-22.15,"R.Premadasa Stadium, Khettarama, Colombo",,6,TRUE,2010/11,ODI No. 3119,"14.30 start, First Session 14.30-18.00, Interval 18.00-18.45, Second Session 18.45-22.15","Sri Lanka 1, Australia 1"
327,6,50,300,6.54,,1,won,Zimbabwe,10-Mar-11,433583,ODI # 3125,14.30-18.00,18.45-22.15,Pallekele International Cricket Stadium,,15,FALSE,2010/11,ODI No. 3125,"14.30 start, First Session 14.30-18.00, Interval 18.00-18.45, Second Session 18.45-22.15","Sri Lanka 2, Zimbabwe 0"
265,9,50,300,5.3,,1,won,New Zealand,18-Mar-11,433594,ODI # 3137,14.30-18.00,18.45-22.15,"Wankhede Stadium, Mumbai",,19,TRUE,2010/11,ODI No. 3137,"14.30 start, First Session 14.30-18.00, Interval 18.00-18.45, Second Session 18.45-22.15","Sri Lanka 2, New Zealand 0"
231,0,39.3,237,5.84,230,2,won,England,26-Mar-11,433603,ODI # 3145,18.45-22.15,14.30-18.00,"R.Premadasa Stadium, Khettarama, Colombo",,21,FALSE,2010/11,ODI No. 3145,"14.30 start, First Session 14.30-18.00, Interval 18.00-18.45, Second Session 18.45-22.15",
220,5,47.5,287,4.59,218,2,won,New Zealand,29-Mar-11,433604,ODI # 3146,18.45-22.15,14.30-18.00,"R.Premadasa Stadium, Khettarama, Colombo",,12,FALSE,2010/11,ODI No. 3146,"14.30 start, First Session 14.30-18.00, Interval 18.00-18.45, Second Session 18.45-22.15",
274,6,50,300,5.48,,1,lost,India,2-Apr-11,433606,ODI # 3148,14.30-18.00,18.45-22.15,"Wankhede Stadium, Mumbai",,12,TRUE,2010/11,ODI No. 3148,"14.30 start, First Session 14.30-18.00, Interval 18.00-18.45, Second Session 18.45-22.15",
121,10,27,162,4.48,232,2,lost,England,28-Jun-11,474467,ODI # 3165,17.15-20.45,13.00-16.30,"Kennington Oval, London",,10,TRUE,2011,ODI No. 3165,"13.00 start, First Session 13.00-16.30, Interval 16.30-17.15, Second Session 17.15-20.45",
309,5,50,300,6.18,,1,won,England,1-Jul-11,474468,ODI # 3167,10.45-14.15,15.00-18.30,"Headingley, Leeds",,16,FALSE,2011,ODI No. 3167,"10.45 start, First Session 10.45-14.15, Interval 14.15-15.00, Second Session 15.00-18.30",
249,4,48.2,290,5.15,247,2,won,England,3-Jul-11,474469,ODI # 3168,15.00-18.30,10.45-14.15,"Lord's, London",,25,FALSE,2011,ODI No. 3168,"10.45 start, First Session 10.45-14.15, Interval 14.15-15.00, Second Session 15.00-18.30",
174,10,43.4,262,3.98,,1,lost,England,6-Jul-11,474470,ODI # 3169,14.00-17.30,18.15-21.45,"Trent Bridge, Nottingham",,10,FALSE,2011,ODI No. 3169,"14.00 start, First Session 14.00-17.30, Interval 17.30-18.15, Second Session 18.15-21.45",
252,10,48.2,290,5.21,269,2,lost,England,9-Jul-11,474471,ODI # 3170,15.00-18.30,10.45-14.15,"Old Trafford, Manchester",,13,FALSE,2011,ODI No. 3170,"10.45 start, First Session 10.45-14.15, Interval 14.15-15.00, Second Session 15.00-18.30",
284,7,50,300,5.68,,1,won,Scotland,13-Jul-11,506208,ODI # 3172,10.45-14.15,15.00-18.30,"Grange Cricket Club, Raeburn Place, Edinburgh",,12,FALSE,2011,ODI No. 3172,"10.45 start, First Session 10.45-14.15, Interval 14.15-15.00, Second Session 15.00-18.30","Sri Lanka 5, Scotland 0"
191,10,41.1,247,4.63,,1,lost,Australia,10-Aug-11,516206,ODI # 3175,14.30-18.00,18.45-22.15,Pallekele International Cricket Stadium,,5,TRUE,2011,ODI No. 3175,"14.30 start, First Session 14.30-18.00, Interval 18.00-18.45, Second Session 18.45-22.15",
208,10,49.3,297,4.2,,1,lost,Australia,14-Aug-11,516207,ODI # 3178,14.30-18.00,18.45-22.15,"Mahinda Rajapaksa International Cricket Stadium, Sooriyawewa, Hambantota",,11,TRUE,2011,ODI No. 3178,"14.30 start, First Session 14.30-18.00, Interval 18.00-18.45, Second Session 18.45-22.15",
286,9,50,300,5.72,,1,won,Australia,16-Aug-11,516208,ODI # 3180,14.30-18.00,18.45-22.15,"Mahinda Rajapaksa International Cricket Stadium, Sooriyawewa, Hambantota",,14,FALSE,2011,ODI No. 3180,"14.30 start, First Session 14.30-18.00, Interval 18.00-18.45, Second Session 18.45-22.15",
132,10,38.4,232,3.41,,1,lost,Australia,20-Aug-11,516209,ODI # 3182,14.30-18.00,18.45-22.15,"R.Premadasa Stadium, Khettarama, Colombo",,14,TRUE,2011,ODI No. 3182,"14.30 start, First Session 14.30-18.00, Interval 18.00-18.45, Second Session 18.45-22.15",
213,6,47,282,4.53,212,2,won,Australia,22-Aug-11,516210,ODI # 3184,18.45-22.15,14.30-18.00,"R.Premadasa Stadium, Khettarama, Colombo",,22,TRUE,2011,ODI No. 3184,"14.30 start, First Session 14.30-18.00, Interval 18.00-18.45, Second Session 18.45-22.15",
131,10,40.3,243,3.23,,1,lost,Pakistan,11-Nov-11,530427,ODI # 3212,15.00-18.30,19.15-22.45,Dubai International Cricket Stadium,,19,TRUE,2011/12,ODI No. 3212,"15.00 start, First Session 15.00-18.30, Interval 18.30-19.15, Second Session 19.15-22.45",
235,7,50,300,4.7,,1,won,Pakistan,14-Nov-11,530428,ODI # 3213,15.00-18.30,19.15-22.45,Dubai International Cricket Stadium,,25,TRUE,2011/12,ODI No. 3213,"15.00 start, First Session 15.00-18.30, Interval 18.30-19.15, Second Session 19.15-22.45",
236,10,48.5,293,4.83,258,2,lost,Pakistan,18-Nov-11,530429,ODI # 3214,19.15-22.45,15.00-18.30,Dubai International Cricket Stadium,,15,FALSE,2011/12,ODI No. 3214,"15.00 start, First Session 15.00-18.30, Interval 18.30-19.15, Second Session 19.15-22.45",
174,10,45.2,272,3.83,201,2,lost,Pakistan,20-Nov-11,530430,ODI # 3215,19.15-22.45,15.00-18.30,Sharjah Cricket Stadium,,10,FALSE,2011/12,ODI No. 3215,"15.00 start, First Session 15.00-18.30, Interval 18.30-19.15, Second Session 19.15-22.45",
218,9,50,300,4.36,,1,lost,Pakistan,23-Nov-11,530431,ODI # 3216,15.00-18.30,19.15-22.45,"Sheikh Zayed Stadium, Abu Dhabi",,17,TRUE,2011/12,ODI No. 3216,"15.00 start, First Session 15.00-18.30, Interval 18.30-19.15, Second Session 19.15-22.45",
43,10,20.1,121,2.13,302,2,lost,South Africa,11-Jan-12,514035,ODI # 3225,18.45-22.15,14.30-18.00,"Boland Park, Paarl",,4,FALSE,2011/12,ODI No. 3225,"14.30 start, First Session 14.30-18.00, Interval 18.00-18.45, Second Session 18.45-22.15",
236,6,50,300,4.72,,1,lost,South Africa,14-Jan-12,514036,ODI # 3226,10.00-13.30,14.15-17.45,"Buffalo Park, East London",,6,FALSE,2011/12,ODI No. 3226,"10.00 start, First Session 10.00-13.30, Interval 13.30-14.15, Second Session 14.15-17.45",
266,9,50,300,5.32,,1,lost,South Africa,17-Jan-12,514037,ODI # 3227,14.30-18.00,18.45-22.15,"Mangaung Oval, Bloemfontein",,9,TRUE,2011/12,ODI No. 3227,"14.30 start, First Session 14.30-18.00, Interval 18.00-18.45, Second Session 18.45-22.15",
304,5,48.4,292,6.24,300,2,won,South Africa,20-Jan-12,514038,ODI # 3228,18.45-22.15,14.30-18.00,"Diamond Oval, Kimberley",,17,FALSE,2011/12,ODI No. 3228,"14.30 start, First Session 14.30-18.00, Interval 18.00-18.45, Second Session 18.45-22.15",
314,8,49.5,299,6.3,313,2,won,South Africa,22-Jan-12,514039,ODI # 3229,14.15-17.45,10.00-13.30,"The Wanderers Stadium, Johannesburg",,21,TRUE,2011/12,ODI No. 3229,"10.00 start, First Session 10.00-13.30, Interval 13.30-14.15, Second Session 14.15-17.45",
233,8,50,300,4.66,,1,lost,India,8-Feb-12,518957,ODI # 3233,12.20-15.50,16.35-20.05,"W.A.C.A. Ground, Perth",,13,TRUE,2011/12,ODI No. 3233,"12.20 start, First Session 12.20-15.50, Interval 15.50-16.35, Second Session 16.35-20.05","India 4, Sri Lanka 0"
226,10,49.5,299,4.53,232,2,lost,Australia,10-Feb-12,518958,ODI # 3235,16.35-20.05,12.20-15.50,"W.A.C.A. Ground, Perth",,9,TRUE,2011/12,ODI No. 3235,"12.20 start, First Session 12.20-15.50, Interval 15.50-16.35, Second Session 16.35-20.05","Australia 4, Sri Lanka 0"
236,9,50,300,4.72,,1,tied,India,14-Feb-12,518960,ODI # 3239,13.50-17.20,18.05-21.35,Adelaide Oval,,8,TRUE,2011/12,ODI No. 3239,"13.50 start, First Session 13.50-17.20, Interval 17.20-18.05, Second Session 18.05-21.35","Sri Lanka 2, India 2"
152,2,24.1,145,6.28,152,2,won,Australia,17-Feb-12,518961,ODI # 3241,18.25-21.55,14.20-17.50,Sydney Cricket Ground,,10,FALSE,2011/12,ODI No. 3241,"14.20 start, First Session 14.20-17.50, Interval 17.50-18.25, Second Session 18.25-21.55","Sri Lanka 5, Australia 0"
289,6,50,300,5.78,,1,won,India,21-Feb-12,518963,ODI # 3246,13.20-16.50,17.35-21.05,"Brisbane Cricket Ground, Woolloongabba, Brisbane",,22,TRUE,2011/12,ODI No. 3246,"13.20 start, First Session 13.20-16.50, Interval 16.50-17.35, Second Session 17.35-21.05","Sri Lanka 4, India 0"
283,7,49.2,296,5.73,281,2,won,Australia,24-Feb-12,518964,ODI # 3248,18.25-21.55,14.20-17.50,"Bellerive Oval, Hobart",,15,FALSE,2011/12,ODI No. 3248,"14.20 start, First Session 14.20-17.50, Interval 17.50-18.25, Second Session 18.25-21.55","Sri Lanka 4, Australia 0"
320,4,50,300,6.4,,1,lost,India,28-Feb-12,518966,ODI # 3251,14.20-17.50,18.25-21.55,"Bellerive Oval, Hobart",,14,FALSE,2011/12,ODI No. 3251,"14.20 start, First Session 14.20-17.50, Interval 17.50-18.25, Second Session 18.25-21.55","India 5, Sri Lanka 0"
238,10,50,300,4.76,,1,won,Australia,2-Mar-12,518967,ODI # 3253,14.20-17.50,18.25-21.55,Melbourne Cricket Ground,,8,TRUE,2011/12,ODI No. 3253,"14.20 start, First Session 14.20-17.50, Interval 17.50-18.25, Second Session 18.25-21.55","Sri Lanka 4, Australia 0"
306,10,49.2,296,6.2,322,2,lost,Australia,4-Mar-12,518968,ODI # 3255,17.35-21.05,13.20-16.50,"Brisbane Cricket Ground, Woolloongabba, Brisbane",,17,FALSE,2011/12,ODI No. 3255,"13.20 start, First Session 13.20-16.50, Interval 16.50-17.35, Second Session 17.35-21.05",
274,2,44.2,266,6.18,272,2,won,Australia,6-Mar-12,518969,ODI # 3256,18.05-21.35,13.50-17.20,Adelaide Oval,,20,FALSE,2011/12,ODI No. 3256,"13.50 start, First Session 13.50-17.20, Interval 17.20-18.05, Second Session 18.05-21.35",
215,10,48.5,293,4.4,232,2,lost,Australia,8-Mar-12,518970,ODI # 3257,18.05-21.35,13.50-17.20,Adelaide Oval,,21,TRUE,2011/12,ODI No. 3257,"13.50 start, First Session 13.50-17.20, Interval 17.20-18.05, Second Session 18.05-21.35",
254,10,45.1,271,5.62,305,2,lost,India,13-Mar-12,535795,ODI # 3259,18.15-21.45,14.00-17.30,"Shere Bangla National Stadium, Mirpur, Dhaka",,8,TRUE,2011/12,ODI No. 3259,"14.00 start, First Session 14.00-17.30, Interval 17.30-18.15, Second Session 18.15-21.45","India 4, Sri Lanka 0"
188,10,45.4,274,4.11,,1,lost,Pakistan,15-Mar-12,535796,ODI # 3260,14.00-17.30,18.15-21.45,"Shere Bangla National Stadium, Mirpur, Dhaka",,9,TRUE,2011/12,ODI No. 3260,"14.00 start, First Session 14.00-17.30, Interval 17.30-18.15, Second Session 18.15-21.45","Pakistan 5, Sri Lanka 0"
232,10,49.5,299,4.65,,1,lost,Bangladesh,20-Mar-12,535799,ODI # 3265,14.00-17.30,18.15-21.45,"Shere Bangla National Stadium, Mirpur, Dhaka",,11,FALSE,2011/12,ODI No. 3265,"14.00 start, First Session 14.00-17.30, Interval 17.30-18.15, Second Session 18.15-21.45","Bangladesh 4, Sri Lanka 0"
135,8,42,252,3.21,,1,lost,Pakistan,7-Jun-12,562439,ODI # 3272,14.30-18.00,18.45-22.15,Pallekele International Cricket Stadium,,31,TRUE,2012,ODI No. 3272,"14.30 start, First Session 14.30-18.00 Interval 18.00-18.45, Second Session 18.45-22.15",
280,4,50,300,5.6,,1,won,Pakistan,9-Jun-12,562440,ODI # 3273,14.30-18.00,18.45-22.15,Pallekele International Cricket Stadium,,16,TRUE,2012,ODI No. 3273,"14.30 start, First Session 14.30-18.00 Interval 18.00-18.45, Second Session 18.45-22.15",
DNB,0,0,0,-,,0,n/r,Pakistan,13-Jun-12,562441,ODI # 3274,18.45-22.15,14.30-18.00,"R.Premadasa Stadium, Khettarama, Colombo",,,FALSE,2012,ODI No. 3274,"14.30 start, First Session 14.30-18.00 Interval 18.00-18.45, Second Session 18.45-22.15",
243,8,50,300,4.86,,1,won,Pakistan,16-Jun-12,562442,ODI # 3275,14.30-18.00,18.45-22.15,"R.Premadasa Stadium, Khettarama, Colombo",,26,TRUE,2012,ODI No. 3275,"14.30 start, First Session 14.30-18.00 Interval 18.00-18.45, Second Session 18.45-22.15",
248,8,49.4,298,4.99,248,2,won,Pakistan,18-Jun-12,562443,ODI # 3277,18.45-22.15,14.30-18.00,"R.Premadasa Stadium, Khettarama, Colombo",,22,FALSE,2012,ODI No. 3277,"14.30 start, First Session 14.30-18.00 Interval 18.00-18.45, Second Session 18.45-22.15",
293,9,50,300,5.86,315,2,lost,India,21-Jul-12,564781,ODI # 3291,18.45-22.15,14.30-18.00,"Mahinda Rajapaksa International Cricket Stadium, Sooriyawewa, Hambantota",,23,FALSE,2012,ODI No. 3291,"14.30 start, First Session 14.30-18.00 Interval 18.00-18.45, Second Session 18.45-22.15",
139,1,19.5,119,7,139,2,won,India,24-Jul-12,564782,ODI # 3292,18.45-22.15,14.30-18.00,"Mahinda Rajapaksa International Cricket Stadium, Sooriyawewa, Hambantota",,24,FALSE,2012,ODI No. 3292,"14.30 start, First Session 14.30-18.00 Interval 18.00-18.45, Second Session 18.45-22.15",
286,5,50,300,5.72,,1,lost,India,28-Jul-12,564783,ODI # 3293,14.30-18.00,18.45-22.15,"R.Premadasa Stadium, Khettarama, Colombo",,20,TRUE,2012,ODI No. 3293,"14.30 start, First Session 14.30-18.00 Interval 18.00-18.45, Second Session 18.45-22.15",
251,8,50,300,5.02,,1,lost,India,31-Jul-12,564784,ODI # 3294,14.30-18.00,18.45-22.15,"R.Premadasa Stadium, Khettarama, Colombo",,15,TRUE,2012,ODI No. 3294,"14.30 start, First Session 14.30-18.00 Interval 18.00-18.45, Second Session 18.45-22.15",
274,10,45.4,274,6,295,2,lost,India,4-Aug-12,564785,ODI # 3295,18.45-22.15,14.30-18.00,Pallekele International Cricket Stadium,,29,FALSE,2012,ODI No. 3295,"14.30 start, First Session 14.30-18.00 Interval 18.00-18.45, Second Session 18.45-22.15",
118,3,22.5,137,5.16,105,2,won,New Zealand,4-Nov-12,582188,ODI # 3305,18.45-22.15,14.30-18.00,Pallekele International Cricket Stadium,,14,FALSE,2012/13,ODI No. 3305,"14.30 start, First Session 14.30-18.00 Interval 18.00-18.45, Second Session 18.45-22.15",
200,3,31.1,187,6.41,197,2,won,New Zealand,6-Nov-12,582189,ODI # 3306,18.45-22.15,14.30-18.00,Pallekele International Cricket Stadium,,14,TRUE,2012/13,ODI No. 3306,"14.30 start, First Session 14.30-18.00 Interval 18.00-18.45, Second Session 18.45-22.15",
131,3,26.2,158,4.97,131,2,won,New Zealand,10-Nov-12,582190,ODI # 3307,18.45-22.15,14.30-18.00,"Mahinda Rajapaksa International Cricket Stadium, Sooriyawewa, Hambantota",,17,TRUE,2012/13,ODI No. 3307,"14.30 start, First Session 14.30-18.00 Interval 18.00-18.45, Second Session 18.45-22.15",
123,8,28.3,171,4.31,,1,n/r,New Zealand,12-Nov-12,582191,ODI # 3308,14.30-18.00,18.45-22.15,"Mahinda Rajapaksa International Cricket Stadium, Sooriyawewa, Hambantota",,6,FALSE,2012/13,ODI No. 3308,"14.30 start, First Session 14.30-18.00 Interval 18.00-18.45, Second Session 18.45-22.15",
198,10,40,240,4.95,306,2,lost,Australia,11-Jan-13,573014,ODI # 3317,18.35-22.05,14.20-17.50,Melbourne Cricket Ground,,13,FALSE,2012/13,ODI No. 3317,"14.20 start, First Session 14.20-17.50, Interval 17.50-18.35, Second Session 18.35-22.05",
172,2,40.1,241,4.28,171,2,won,Australia,13-Jan-13,573015,ODI # 3319,18.05-21.35,13.50-17.20,Adelaide Oval,,5,TRUE,2012/13,ODI No. 3319,"13.50 start, First Session 13.50-17.20, Interval 17.20-18.05, Second Session 18.05-21.35",
75,6,20,120,3.75,75,2,won,Australia,18-Jan-13,573016,ODI # 3321,17.35-21.05,13.20-16.50,"Brisbane Cricket Ground, Woolloongabba, Brisbane",,5,FALSE,2012/13,ODI No. 3321,"13.20 start, First Session 13.20-16.50, Interval 16.50-17.35, Second Session 17.35-21.05",
14,0,3.2,20,4.2,223,2,n/r,Australia,20-Jan-13,573017,ODI # 3324,18.35-22.05,14.20-17.50,Sydney Cricket Ground,,1,FALSE,2012/13,ODI No. 3324,"14.20 start, First Session 14.20-17.50, Interval 17.50-18.35, Second Session 18.35-22.05",
215,10,48.3,291,4.43,248,2,lost,Australia,23-Jan-13,573018,ODI # 3326,18.35-22.05,14.20-17.50,"Bellerive Oval, Hobart",,19,TRUE,2012/13,ODI No. 3326,"14.20 start, First Session 14.20-17.50, Interval 17.50-18.35, Second Session 18.35-22.05",
238,2,35.4,214,6.67,238,2,won,Bangladesh,23-Mar-13,602474,ODI # 3349,18.45-22.15,14.30-18.00,"Mahinda Rajapaksa International Cricket Stadium, Sooriyawewa, Hambantota",,17,TRUE,2012/13,ODI No. 3349,"14.30 start, First Session 14.30-18.00, Interval 18.00-18.45, Second Session 18.45-22.15",
33,0,5,30,6.6,,1,n/r,Bangladesh,25-Mar-13,602475,ODI # 3351,14.30-18.00,18.45-22.15,"Mahinda Rajapaksa International Cricket Stadium, Sooriyawewa, Hambantota",,5,FALSE,2012/13,ODI No. 3351,"14.30 start, First Session 14.30-18.00, Interval 18.00-18.45, Second Session 18.45-22.15",
302,9,50,300,6.04,,1,lost,Bangladesh,28-Mar-13,602476,ODI # 3352,14.30-18.00,18.45-22.15,Pallekele International Cricket Stadium,,17,TRUE,2012/13,ODI No. 3352,"14.30 start, First Session 14.30-18.00, Interval 18.00-18.45, Second Session 18.45-22.15",
138,10,37.5,227,3.64,,1,lost,New Zealand,9-Jun-13,578617,ODI # 3366,10.30-14.00,14.45-18.15,"Sophia Gardens, Cardiff",,3,TRUE,2013,ODI No. 3366,"10.30 start, First Session 10.30-14.00, Interval 14.00-14.45, Second Session 14.45-18.15","New Zealand 2, Sri Lanka 0"
297,3,47.1,283,6.29,294,2,won,England,13-Jun-13,578621,ODI # 3370,17.15-20.45,13.00-16.30,"Kennington Oval, London",,13,TRUE,2013,ODI No. 3370,"13.00 start, First Session 13.00-16.30, Interval 16.30-17.15, Second Session 17.15-20.45","Sri Lanka 2, England 0"
253,8,50,300,5.06,,1,won,Australia,17-Jun-13,578625,ODI # 3374,13.00-16.30,17.15-20.45,"Kennington Oval, London",,18,FALSE,2013,ODI No. 3374,"13.00 start, First Session 13.00-16.30, Interval 16.30-17.15, Second Session 17.15-20.45","Sri Lanka 2, Australia 0"
181,8,50,300,3.62,,1,lost,India,20-Jun-13,566947,ODI # 3376,10.30-14.00,14.45-18.15,"Sophia Gardens, Cardiff",,13,FALSE,2013,ODI No. 3376,"10.30 start, First Session 10.30-14.00, Interval 14.00-14.45, Second Session 14.45-18.15",
208,10,48.3,291,4.28,,1,lost,West Indies,28-Jun-13,597923,ODI # 3378,09.30-13.00,13.45-17.15,"Sabina Park, Kingston, Jamaica",,11,FALSE,2013,ODI No. 3378,"09.30 start, First Session 09.30-13.00 Interval 13.00-13.45, Second Session 13.45-17.15","West Indies 5, Sri Lanka 0"
348,1,50,300,6.96,,1,won,India,2-Jul-13,597925,ODI # 3382,09.30-13.00,13.45-17.15,"Sabina Park, Kingston, Jamaica",,23,FALSE,2013,ODI No. 3382,"09.30 start, First Session 09.30-13.00 Interval 13.00-13.45, Second Session 13.45-17.15","Sri Lanka 5, India 0"
219,8,41,246,5.34,,1,won,West Indies,7-Jul-13,597927,ODI # 3385,09.30-13.00,13.45-17.15,"Queen's Park Oval, Port of Spain, Trinidad",,31,FALSE,2013,ODI No. 3385,"09.30 start, First Session 09.30-13.00 Interval 13.00-13.45, Second Session 13.45-17.15","Sri Lanka 4, West Indies 0"
96,10,24.4,148,3.89,178,2,lost,India,9-Jul-13,597928,ODI # 3387,13.45-17.15,09.30-13.00,"Queen's Park Oval, Port of Spain, Trinidad",,11,TRUE,2013,ODI No. 3387,"09.30 start, First Session 09.30-13.00 Interval 13.00-13.45, Second Session 13.45-17.15","India 5, Sri Lanka 0"
201,10,48.5,293,4.11,,1,lost,India,11-Jul-13,597929,ODI # 3388,09.30-13.00,13.45-17.15,"Queen's Park Oval, Port of Spain, Trinidad",,23,FALSE,2013,ODI No. 3388,"09.30 start, First Session 09.30-13.00 Interval 13.00-13.45, Second Session 13.45-17.15",
320,5,50,300,6.4,,1,won,South Africa,20-Jul-13,635653,ODI # 3392,14.30-18.00,18.45-22.15,"R.Premadasa Stadium, Khettarama, Colombo",,22,FALSE,2013,ODI No. 3392,"14.30 start, First Session 14.30-18.00, Interval 18.00-18.45, Second Session 18.45-22.15",
223,9,49.2,296,4.52,,1,won,South Africa,23-Jul-13,635654,ODI # 3394,14.30-18.00,18.45-22.15,"R.Premadasa Stadium, Khettarama, Colombo",,28,TRUE,2013,ODI No. 3394,"14.30 start, First Session 14.30-18.00, Interval 18.00-18.45, Second Session 18.45-22.15",
167,10,43.2,260,3.85,224,2,lost,South Africa,26-Jul-13,635655,ODI # 3398,18.45-22.15,14.30-18.00,Pallekele International Cricket Stadium,,11,FALSE,2013,ODI No. 3398,"14.30 start, First Session 14.30-18.00, Interval 18.00-18.45, Second Session 18.45-22.15",
239,2,44,264,5.43,239,2,won,South Africa,28-Jul-13,635656,ODI # 3400,18.45-22.15,14.30-18.00,Pallekele International Cricket Stadium,,20,FALSE,2013,ODI No. 3400,"14.30 start, First Session 14.30-18.00, Interval 18.00-18.45, Second Session 18.45-22.15",
307,4,50,300,6.14,,1,won,South Africa,31-Jul-13,635657,ODI # 3401,14.30-18.00,18.45-22.15,"R.Premadasa Stadium, Khettarama, Colombo",,16,TRUE,2013,ODI No. 3401,"14.30 start, First Session 14.30-18.00, Interval 18.00-18.45, Second Session 18.45-22.15",
288,9,50,300,5.76,,1,n/r,New Zealand,10-Nov-13,668961,ODI # 3432,14.30-18.00,18.45-22.15,"Mahinda Rajapaksa International Cricket Stadium, Sooriyawewa, Hambantota",,16,FALSE,2013/14,ODI No. 3432,"14.30 start, First Session 14.30-18.00, Interval 18.00-18.45, Second Session 18.45-22.15",
138,1,23,138,6,,1,lost,New Zealand,12-Nov-13,668963,ODI # 3434,14.30-18.00,18.45-22.15,"Mahinda Rajapaksa International Cricket Stadium, Sooriyawewa, Hambantota",,8,TRUE,2013/14,ODI No. 3434,"14.30 start, First Session 14.30-18.00, Interval 18.00-18.45, Second Session 18.45-22.15",
211,8,33,198,6.39,,1,won,New Zealand,16-Nov-13,668965,ODI # 3435,10.00-13.30,14.15-17.45,Rangiri Dambulla International Stadium,,14,FALSE,2013/14,ODI No. 3435,"10.00 start, First Session 10.00-13.30, Interval 13.30-14.15, Second Session 14.15-17.45",
311,10,49.4,298,6.26,323,2,lost,Pakistan,18-Dec-13,657637,ODI # 3445,19.15-22.45,15.00-18.30,Sharjah Cricket Stadium,,16,FALSE,2013/14,ODI No. 3445,"15.00 start, First Session 15.00-18.30, Interval 18.30-19.15, Second Session 19.15-22.45",
287,8,49.4,298,5.77,285,2,won,Pakistan,20-Dec-13,657639,ODI # 3446,19.15-22.45,15.00-18.30,Dubai International Cricket Stadium,,17,TRUE,2013/14,ODI No. 3446,"15.00 start, First Session 15.00-18.30, Interval 18.30-19.15, Second Session 19.15-22.45",
213,10,44.4,268,4.76,327,2,lost,Pakistan,22-Dec-13,657641,ODI # 3447,19.15-22.45,15.00-18.30,Sharjah Cricket Stadium,,5,TRUE,2013/14,ODI No. 3447,"15.00 start, First Session 15.00-18.30, Interval 18.30-19.15, Second Session 19.15-22.45",
225,10,48.5,293,4.6,,1,lost,Pakistan,25-Dec-13,657643,ODI # 3448,15.00-18.30,19.15-22.45,"Sheikh Zayed Stadium, Abu Dhabi",,11,TRUE,2013/14,ODI No. 3448,"15.00 start, First Session 15.00-18.30, Interval 18.30-19.15, Second Session 19.15-22.45",
235,8,49.4,298,4.73,233,2,won,Pakistan,27-Dec-13,657645,ODI # 3450,19.15-22.45,15.00-18.30,"Sheikh Zayed Stadium, Abu Dhabi",,12,FALSE,2013/14,ODI No. 3450,"15.00 start, First Session 15.00-18.30, Interval 18.30-19.15, Second Session 19.15-22.45",
180,10,40,240,4.5,,1,won,Bangladesh,17-Feb-14,690355,ODI # 3469,13.00-16.30,17.15-20.45,"Shere Bangla National Stadium, Mirpur, Dhaka",,10,FALSE,2013/14,ODI No. 3469,"13.00 start, First Session 13.00-16.30, Interval 13.30-17.15, Second Session 17.15-20.45",
289,6,50,300,5.78,,1,won,Bangladesh,20-Feb-14,690357,ODI # 3470,13.00-16.30,17.15-20.45,"Shere Bangla National Stadium, Mirpur, Dhaka",,7,TRUE,2013/14,ODI No. 3470,"13.00 start, First Session 13.00-16.30, Interval 13.30-17.15, Second Session 17.15-20.45",
246,4,47.3,285,5.17,241,2,won,Bangladesh,22-Feb-14,690359,ODI # 3471,17.15-20.45,13.00-16.30,"Shere Bangla National Stadium, Mirpur, Dhaka",,7,TRUE,2013/14,ODI No. 3471,"13.00 start, First Session 13.00-16.30, Interval 13.30-17.15, Second Session 17.15-20.45",
296,6,50,300,5.92,,1,won,Pakistan,25-Feb-14,710291,ODI # 3473,14.00-17.30,18.15-21.45,"Khan Shaheb Osman Ali Stadium, Fatullah",,18,TRUE,2013/14,ODI No. 3473,"14.00 start, First Session 14.00-17.30, Interval 17.30-18.15, Second Session 18.15-21.45","Sri Lanka 4, Pakistan 0"
265,8,49.2,296,5.37,265,2,won,India,28-Feb-14,710297,ODI # 3476,18.15-21.45,14.00-17.30,"Khan Shaheb Osman Ali Stadium, Fatullah",,8,TRUE,2013/14,ODI No. 3476,"14.00 start, First Session 14.00-17.30, Interval 17.30-18.15, Second Session 18.15-21.45","Sri Lanka 4, India 0"
253,6,50,300,5.06,,1,won,Afghanistan,3-Mar-14,710303,ODI # 3481,14.00-17.30,18.15-21.45,"Shere Bangla National Stadium, Mirpur, Dhaka",,18,TRUE,2013/14,ODI No. 3481,"14.00 start, First Session 14.00-17.30, Interval 17.30-18.15, Second Session 18.15-21.45","Sri Lanka 5, Afghanistan 0"
208,7,49,294,4.24,205,2,won,Bangladesh,6-Mar-14,710309,ODI # 3485,18.15-21.45,14.00-17.30,"Shere Bangla National Stadium, Mirpur, Dhaka",,9,FALSE,2013/14,ODI No. 3485,"14.00 start, First Session 14.00-17.30, Interval 17.30-18.15, Second Session 18.15-21.45","Sri Lanka 4, Bangladesh 0"
261,5,46.2,278,5.63,261,2,won,Pakistan,8-Mar-14,710311,ODI # 3486,18.15-21.45,14.00-17.30,"Shere Bangla National Stadium, Mirpur, Dhaka",,8,FALSE,2013/14,ODI No. 3486,"14.00 start, First Session 14.00-17.30, Interval 17.30-18.15, Second Session 18.15-21.45",
219,8,50,300,4.38,,1,won,Ireland,6-May-14,706767,ODI # 3490,10.45-14.15,15.00-18.30,"Castle Avenue, Dublin",,19,FALSE,2014,ODI No. 3490,"10.45 start, First Session 10.45-14.15, Interval 14.15-15.00, Second Session 15.00-18.30",
144,10,27.5,167,5.17,226,2,lost,England,22-May-14,667889,ODI # 3492,17.15-20.45,13.00-16.30,"Kennington Oval, London",,15,TRUE,2014,ODI No. 3492,"13.00 start, First Session 13.00-16.30, Interval 16.30-17.15, Second Session 17.15-20.45",
256,8,50,300,5.12,,1,won,England,25-May-14,667891,ODI # 3493,10.30-14.00,14.45-18.15,"Riverside Ground, Chester-le-Street",,20,FALSE,2014,ODI No. 3493,"10.30 start, First Session 10.30-14.00, Interval 14.00-14.45, Second Session 14.45-18.15",
67,10,24,144,2.79,,1,lost,England,28-May-14,667893,ODI # 3494,14.00-17.30,18.15-21.45,"Old Trafford, Manchester",,7,FALSE,2014,ODI No. 3494,"14.00 start, First Session 14.00-17.30, Interval 17.30-18.15, Second Session 18.15-21.45",
300,9,50,300,6,,1,won,England,31-May-14,667895,ODI # 3495,10.30-14.00,14.45-18.15,"Lord's, London",,20,FALSE,2014,ODI No. 3495,"10.30 start, First Session 10.30-14.00, Interval 14.00-14.45, Second Session 14.45-18.15",
222,4,48.2,290,4.59,220,2,won,England,3-Jun-14,667897,ODI # 3496,18.15-21.45,14.00-17.30,"Edgbaston, Birmingham",,18,FALSE,2014,ODI No. 3496,"14.00 start, First Session 14.00-17.30, Interval 17.30-18.15, Second Session 18.15-21.45",
229,10,40.3,243,5.65,305,2,lost,South Africa,6-Jul-14,730083,ODI # 3500,14.15-17.45,10.00-13.30,"R.Premadasa Stadium, Khettarama, Colombo",,11,FALSE,2014,ODI No. 3500,"10.00 start, First Session 10.00-13.30, Interval 13.30-14.15, Second Session 14.15-17.45",
267,10,49.2,296,5.41,,1,won,South Africa,9-Jul-14,730085,ODI # 3501,14.30-18.00,18.45-22.15,Pallekele International Cricket Stadium,,13,TRUE,2014,ODI No. 3501,"14.30 start, First Session 14.30-18.00, Interval 18.00-18.45, Second Session 18.45-22.15",
257,10,44.3,267,5.77,340,2,lost,South Africa,12-Jul-14,730087,ODI # 3502,14.15-17.45,10.00-13.30,"Mahinda Rajapaksa International Cricket Stadium, Sooriyawewa, Hambantota",,28,FALSE,2014,ODI No. 3502,"10.00 start, First Session 10.00-13.30, Interval 13.30-14.15, Second Session 14.15-17.45",
275,7,45,270,6.11,,1,lost,Pakistan,23-Aug-14,745159,ODI # 3512,10.00-13.30,14.15-17.45,"Mahinda Rajapaksa International Cricket Stadium, Sooriyawewa, Hambantota",,13,FALSE,2014,ODI No. 3512,"10.00 start, First Session 10.00-13.30, Interval 13.30-14.15, Second Session 14.15-17.45",
310,9,50,300,6.2,,1,won,Pakistan,26-Aug-14,745161,ODI # 3515,14.30-18.00,18.45-22.15,"Mahinda Rajapaksa International Cricket Stadium, Sooriyawewa, Hambantota",,25,TRUE,2014,ODI No. 3515,"14.30 start, First Session 14.30-18.00, Interval 18.00-18.45, Second Session 18.45-22.15",
104,3,18.2,110,5.67,101,2,won,Pakistan,30-Aug-14,745163,ODI # 3519,14.15-17.45,10.00-13.30,Rangiri Dambulla International Stadium,,12,FALSE,2014,ODI No. 3519,"10.00 start, First Session 10.00-13.30, Interval 13.30-14.15, Second Session 14.15-17.45",
194,10,39.2,236,4.93,364,2,lost,India,2-Nov-14,792289,ODI # 3539,17.45-21.15,13.30-17.00,"Barabati Stadium, Cuttack",,18,TRUE,2014/15,ODI No. 3539,"13.30 start, First Session 13.30-17.00, Interval 17.00-17.45, Second Session 17.45-21.15",
274,8,50,300,5.48,,1,lost,India,6-Nov-14,792291,ODI # 3540,13.30-17.00,17.45-21.15,"Sardar Patel (Gujarat) Stadium, Motera, Ahmedabad",,18,TRUE,2014/15,ODI No. 3540,"13.30 start, First Session 13.30-17.00, Interval 17.00-17.45, Second Session 17.45-21.15",
242,10,48.2,290,5,,1,lost,India,9-Nov-14,792293,ODI # 3543,13.30-17.00,17.45-21.15,"Rajiv Gandhi International Stadium, Uppal, Hyderabad",,16,TRUE,2014/15,ODI No. 3543,"13.30 start, First Session 13.30-17.00, Interval 17.00-17.45, Second Session 17.45-21.15",
251,10,43.1,259,5.81,405,2,lost,India,13-Nov-14,792295,ODI # 3544,17.45-21.15,13.30-17.00,"Eden Gardens, Kolkata",,16,FALSE,2014/15,ODI No. 3544,"13.30 start, First Session 13.30-17.00, Interval 17.00-17.45, Second Session 17.45-21.15",
286,8,50,300,5.72,,1,lost,India,16-Nov-14,792297,ODI # 3547,13.30-17.00,17.45-21.15,"JSCA International Stadium Complex, Ranchi",,13,TRUE,2014/15,ODI No. 3547,"13.30 start, First Session 13.30-17.00, Interval 17.00-17.45, Second Session 17.45-21.15",
317,6,50,300,6.34,,1,won,England,26-Nov-14,750663,ODI # 3554,14.30-18.00,18.45-22.15,"R.Premadasa Stadium, Khettarama, Colombo",,19,FALSE,2014/15,ODI No. 3554,"14.30 start, First Session 14.30-18.00, Interval 18.00-18.45, Second Session 18.45-22.15",
186,2,34.2,206,5.41,186,2,won,England,29-Nov-14,750665,ODI # 3557,14.15-17.45,10.00-13.30,"R.Premadasa Stadium, Khettarama, Colombo",,7,FALSE,2014/15,ODI No. 3557,"10.00 start, First Session 10.00-13.30 Interval 13.30-14.15, Second Session 14.15-17.45",
242,8,35,210,6.91,,1,lost,England,3-Dec-14,750667,ODI # 3561,14.30-18.00,18.45-22.15,"Mahinda Rajapaksa International Cricket Stadium, Sooriyawewa, Hambantota",,13,TRUE,2014/15,ODI No. 3561,"14.30 start, First Session 14.30-18.00, Interval 18.00-18.45, Second Session 18.45-22.15",
267,4,49.4,298,5.37,266,2,won,England,7-Dec-14,750669,ODI # 3563,14.15-17.45,10.00-13.30,"R.Premadasa Stadium, Khettarama, Colombo",,20,FALSE,2014/15,ODI No. 3563,"10.00 start, First Session 10.00-13.30 Interval 13.30-14.15, Second Session 14.15-17.45",
239,10,49,294,4.87,,1,lost,England,10-Dec-14,750671,ODI # 3565,14.30-18.00,18.45-22.15,Pallekele International Cricket Stadium,,19,FALSE,2014/15,ODI No. 3565,"14.30 start, First Session 14.30-18.00, Interval 18.00-18.45, Second Session 18.45-22.15",
292,7,50,300,5.84,,1,won,England,13-Dec-14,750673,ODI # 3567,10.00-13.30,14.15-17.45,Pallekele International Cricket Stadium,,23,TRUE,2014/15,ODI No. 3567,"10.00 start, First Session 10.00-13.30 Interval 13.30-14.15, Second Session 14.15-17.45",
302,6,50,300,6.04,,1,won,England,16-Dec-14,750675,ODI # 3569,14.30-18.00,18.45-22.15,"R.Premadasa Stadium, Khettarama, Colombo",,10,TRUE,2014/15,ODI No. 3569,"14.30 start, First Session 14.30-18.00, Interval 18.00-18.45, Second Session 18.45-22.15",
218,9,50,300,4.36,,1,lost,New Zealand,11-Jan-15,749781,ODI # 3574,11.00-14.30,15.15-18.45,"Hagley Oval, Christchurch",,7,TRUE,2014/15,ODI No. 3574,"11.00 start, First Session 11.00-14.30 Interval 14.30-15.15, Second Session 15.15-18.45",
252,4,47.4,286,5.28,249,2,won,New Zealand,15-Jan-15,749783,ODI # 3577,18.15-21.45,14.00-17.30,"Seddon Park, Hamilton",,9,FALSE,2014/15,ODI No. 3577,"14.00 start, First Session 14.00-17.30, Interval 17.30-18.15, Second Session 18.15-21.45",
DNB,0,0,0,-,,0,n/r,New Zealand,17-Jan-15,749785,ODI # 3580,18.15-21.45,14.00-17.30,"Eden Park, Auckland",,,TRUE,2014/15,ODI No. 3580,"14.00 start, First Session 14.00-17.30, Interval 17.30-18.15, Second Session 18.15-21.45",
276,10,49.3,297,5.57,,1,lost,New Zealand,20-Jan-15,749787,ODI # 3585,11.00-14.30,15.15-18.45,"Saxton Oval, Nelson",,16,TRUE,2014/15,ODI No. 3585,"11.00 start, First Session 11.00-14.30 Interval 14.30-15.15, Second Session 15.15-18.45",
252,10,43.4,262,5.77,361,2,lost,New Zealand,23-Jan-15,749789,ODI # 3588,15.15-18.45,11.00-14.30,"University Oval, Dunedin",,16,TRUE,2014/15,ODI No. 3588,"11.00 start, First Session 11.00-14.30 Interval 14.30-15.15, Second Session 15.15-18.45",
195,10,40.3,243,4.81,316,2,lost,New Zealand,25-Jan-15,749791,ODI # 3590,15.15-18.45,11.00-14.30,"University Oval, Dunedin",,9,FALSE,2014/15,ODI No. 3590,"11.00 start, First Session 11.00-14.30 Interval 14.30-15.15, Second Session 15.15-18.45",
287,6,50,300,5.74,,1,won,New Zealand,29-Jan-15,749793,ODI # 3594,14.00-17.30,18.15-21.45,"Westpac Stadium, Wellington",,11,TRUE,2014/15,ODI No. 3594,"14.00 start, First Session 14.00-17.30, Interval 17.30-18.15, Second Session 18.15-21.45",
233,10,46.1,277,5.04,332,2,lost,New Zealand,14-Feb-15,656399,ODI # 3599,15.15-18.45,11.00-14.30,"Hagley Oval, Christchurch",,11,TRUE,2014/15,ODI No. 3599,"11.00 start, First Session 11.00-14.30 Interval 14.30-15.15, Second Session 15.15-18.45","New Zealand 2, Sri Lanka 0"
236,6,48.2,290,4.88,233,2,won,Afghanistan,22-Feb-15,656421,ODI # 3609,15.15-18.45,11.00-14.30,"University Oval, Dunedin",,6,TRUE,2014/15,ODI No. 3609,"11.00 start, First Session 11.00-14.30 Interval 14.30-15.15, Second Session 15.15-18.45","Sri Lanka 2, Afghanistan 0"
332,1,50,300,6.64,,1,won,Bangladesh,26-Feb-15,656433,ODI # 3615,14.30-18.00,18.45-22.15,Melbourne Cricket Ground,,14,TRUE,2014/15,ODI No. 3615,"14.30 start, First Session 14.30-18.00, Interval 18.00-18.45, Second Session 18.45-22.15","Sri Lanka 2, Bangladesh 0"
312,1,47.2,284,6.59,310,2,won,England,1-Mar-15,656441,ODI # 3619,15.15-18.45,11.00-14.30,"Westpac Stadium, Wellington",,12,FALSE,2014/15,ODI No. 3619,"11.00 start, First Session 11.00-14.30 Interval 14.30-15.15, Second Session 15.15-18.45","Sri Lanka 2, England 0"
312,10,46.2,278,6.73,377,2,lost,Australia,8-Mar-15,656461,ODI # 3629,18.45-22.15,14.30-18.00,Sydney Cricket Ground,,11,FALSE,2014/15,ODI No. 3629,"14.30 start, First Session 14.30-18.00, Interval 18.00-18.45, Second Session 18.45-22.15","Australia 2, Sri Lanka 0"
363,9,50,300,7.26,,1,won,Scotland,11-Mar-15,656467,ODI # 3632,14.30-18.00,18.45-22.15,"Bellerive Oval, Hobart",,13,TRUE,2014/15,ODI No. 3632,"14.30 start, First Session 14.30-18.00, Interval 18.00-18.45, Second Session 18.45-22.15","Sri Lanka 2, Scotland 0"
133,10,37.2,224,3.56,,1,lost,South Africa,18-Mar-15,656483,ODI # 3640,14.30-18.00,18.45-22.15,Sydney Cricket Ground,,15,TRUE,2014/15,ODI No. 3640,"14.30 start, First Session 14.30-18.00, Interval 18.00-18.45, Second Session 18.45-22.15",
255,8,50,300,5.1,,1,lost,Pakistan,11-Jul-15,860269,ODI # 3664,10.00-13.30,14.15-17.45,Rangiri Dambulla International Stadium,,18,FALSE,2015,ODI No. 3664,"10.00 start, First Session 10.00-13.30 Interval 13.30-14.15, Second Session 14.15-17.45",
288,8,48.1,289,5.97,288,2,won,Pakistan,15-Jul-15,860271,ODI # 3669,18.45-22.15,14.30-18.00,Pallekele International Cricket Stadium,,9,FALSE,2015,ODI No. 3669,"14.30 start, First Session 14.30-18.00, Interval 18.00-18.45, Second Session 18.45-22.15",
181,10,41.1,247,4.39,317,2,lost,Pakistan,19-Jul-15,860273,ODI # 3670,18.45-22.15,14.30-18.00,"R.Premadasa Stadium, Khettarama, Colombo",,11,FALSE,2015,ODI No. 3670,"14.30 start, First Session 14.30-18.00, Interval 18.00-18.45, Second Session 18.45-22.15",
256,9,50,300,5.12,,1,lost,Pakistan,22-Jul-15,860275,ODI # 3671,14.30-18.00,18.45-22.15,"R.Premadasa Stadium, Khettarama, Colombo",,15,TRUE,2015,ODI No. 3671,"14.30 start, First Session 14.30-18.00, Interval 18.00-18.45, Second Session 18.45-22.15",
368,4,50,300,7.36,,1,won,Pakistan,26-Jul-15,860277,ODI # 3672,14.30-18.00,18.45-22.15,"Mahinda Rajapaksa International Cricket Stadium, Sooriyawewa, Hambantota",,9,TRUE,2015,ODI No. 3672,"14.30 start, First Session 14.30-18.00, Interval 18.00-18.45, Second Session 18.45-22.15",
164,9,24.5,149,6.6,163,2,won,West Indies,1-Nov-15,915777,ODI # 3701,18.45-22.15,14.30-18.00,"R.Premadasa Stadium, Khettarama, Colombo",,13,TRUE,2015/16,ODI No. 3701,"14.30 start, First Session 14.30-18.00, Interval 18.00-18.45, Second Session 18.45-22.15",
225,2,36.3,219,6.16,225,2,won,West Indies,4-Nov-15,915779,ODI # 3702,18.45-22.15,14.30-18.00,"R.Premadasa Stadium, Khettarama, Colombo",,13,FALSE,2015/16,ODI No. 3702,"14.30 start, First Session 14.30-18.00, Interval 18.00-18.45, Second Session 18.45-22.15",
180,5,32.3,195,5.53,162,2,won,West Indies,7-Nov-15,915781,ODI # 3704,18.45-22.15,14.30-18.00,Pallekele International Cricket Stadium,,10,TRUE,2015/16,ODI No. 3704,"14.30 start, First Session 14.30-18.00, Interval 18.00-18.45, Second Session 18.45-22.15",
188,10,47,282,4,,1,lost,New Zealand,26-Dec-15,914207,ODI # 3714,11.00-14.30,15.15-18.45,"Hagley Oval, Christchurch",,8,TRUE,2015/16,ODI No. 3714,"11.00 start, First Session 11.00-14.30 Interval 14.30-15.15, Second Session 15.15-18.45",
117,10,27.4,166,4.22,,1,lost,New Zealand,28-Dec-15,914209,ODI # 3715,11.00-14.30,15.15-18.45,"Hagley Oval, Christchurch",,7,TRUE,2015/16,ODI No. 3715,"11.00 start, First Session 11.00-14.30 Interval 14.30-15.15, Second Session 15.15-18.45",
277,2,46.2,278,5.97,277,2,won,New Zealand,31-Dec-15,914211,ODI # 3717,15.15-18.45,11.00-14.30,"Saxton Oval, Nelson",,7,FALSE,2015/16,ODI No. 3717,"11.00 start, First Session 11.00-14.30 Interval 14.30-15.15, Second Session 15.15-18.45",
DNB,0,0,0,-,,0,n/r,New Zealand,2-Jan-16,914213,ODI # 3718,15.15-18.45,11.00-14.30,"Saxton Oval, Nelson",,,TRUE,2015/16,ODI No. 3718,"11.00 start, First Session 11.00-14.30 Interval 14.30-15.15, Second Session 15.15-18.45",
258,10,47.1,283,5.46,295,2,lost,New Zealand,5-Jan-16,914215,ODI # 3721,15.15-18.45,11.00-14.30,"Bay Oval, Mount Maunganui",,12,TRUE,2015/16,ODI No. 3721,"11.00 start, First Session 11.00-14.30 Interval 14.30-15.15, Second Session 15.15-18.45",
303,7,50,300,6.06,,1,won,Ireland,16-Jun-16,913619,ODI # 3748,10.45-14.15,15.00-18.30,"The Village, Malahide, Dublin",,10,FALSE,2016,ODI No. 3748,"10.45 start, First Session 10.45-14.15, Interval 14.15-15.00, Second Session 15.00-18.30",
377,8,50,300,7.54,,1,won,Ireland,18-Jun-16,913621,ODI # 3749,10.45-14.15,15.00-18.30,"The Village, Malahide, Dublin",,18,FALSE,2016,ODI No. 3749,"10.45 start, First Session 10.45-14.15, Interval 14.15-15.00, Second Session 15.00-18.30",
286,9,50,300,5.72,,1,tied,England,21-Jun-16,913623,ODI # 3751,14.00-17.30,18.15-21.45,"Trent Bridge, Nottingham",,6,FALSE,2016,ODI No. 3751,"14.00 start, First Session 14.00-17.30, Interval 17.30-18.15, Second Session 18.15-21.45","Sri Lanka 1, England 1"
254,7,50,300,5.08,,1,lost,England,24-Jun-16,913625,ODI # 3753,14.00-17.30,18.15-21.45,"Edgbaston, Birmingham",,16,TRUE,2016,ODI No. 3753,"14.00 start, First Session 14.00-17.30, Interval 17.30-18.15, Second Session 18.15-21.45","England 2, Sri Lanka 0"
248,9,50,300,4.96,,1,n/r,England,26-Jun-16,913627,ODI # 3755,10.30-14.00,14.45-18.15,"County Ground, Bristol",,9,FALSE,2016,ODI No. 3755,"10.30 start, First Session 10.30-14.00, Interval 14.00-14.45, Second Session 14.45-18.15","Sri Lanka 1, England 1"
305,5,42,252,7.26,,1,lost,England,29-Jun-16,913629,ODI # 3757,13.00-16.30,17.15-20.45,"Kennington Oval, London",,7,FALSE,2016,ODI No. 3757,"13.00 start, First Session 13.00-16.30, Interval 16.30-17.15, Second Session 17.15-20.45","England 2, Sri Lanka 0"
202,10,42.4,256,4.73,325,2,lost,England,2-Jul-16,913631,ODI # 3758,14.45-18.15,10.30-14.00,"Sophia Gardens, Cardiff",,15,TRUE,2016,ODI No. 3758,"10.30 start, First Session 10.30-14.00, Interval 14.00-14.45, Second Session 14.45-18.15","England 2, Sri Lanka 0"
227,8,50,300,4.54,,1,lost,Australia,21-Aug-16,995457,ODI # 3768,14:30-18:00,18:45-22:15,"R.Premadasa Stadium, Khettarama, Colombo",,3,FALSE,2016,ODI No. 3768,"14:30 start, First Session 14:30-18:00, Interval 18:00-18:45, Second Session 18:45-22:15",
288,10,48.5,293,5.89,,1,won,Australia,24-Aug-16,995459,ODI # 3769,14:30-18:00,18:45-22:15,"R.Premadasa Stadium, Khettarama, Colombo",,20,TRUE,2016,ODI No. 3769,"14:30 start, First Session 14:30-18:00, Interval 18:00-18:45, Second Session 18:45-22:15",
226,10,49.2,296,4.58,,1,lost,Australia,28-Aug-16,995461,ODI # 3772,14:30-18:00,18:45-22:15,Rangiri Dambulla International Stadium,,18,TRUE,2016,ODI No. 3772,"14:30 start, First Session 14:30-18:00, Interval 18:00-18:45, Second Session 18:45-22:15",
212,10,50,300,4.24,,1,lost,Australia,31-Aug-16,995463,ODI # 3774,14:30-18:00,18:45-22:15,Rangiri Dambulla International Stadium,,21,TRUE,2016,ODI No. 3774,"14:30 start, First Session 14:30-18:00, Interval 18:00-18:45, Second Session 18:45-22:15",
195,10,40.2,242,4.83,,1,lost,Australia,4-Sep-16,995465,ODI # 3776,14:30-18:00,18:45-22:15,Pallekele International Cricket Stadium,,9,TRUE,2016,ODI No. 3776,"14:30 start, First Session 14:30-18:00, Interval 18:00-18:45, Second Session 18:45-22:15",
155,2,24.3,147,6.32,155,2,won,Zimbabwe,14-Nov-16,1059710,ODI # 3804,13.45-17.15,9.30-13.00,Harare Sports Club,,3,TRUE,2016/17,ODI No. 3804,"09.30 start, First Session 9.30-13.00, Interval 13.00-13.45, Second Session 13.45-17.15","Sri Lanka 5, Zimbabwe 0"
165,10,43.1,259,3.82,228,2,lost,West Indies,16-Nov-16,1059711,ODI # 3805,13.45-17.15,9.30-13.00,Harare Sports Club,,4,TRUE,2016/17,ODI No. 3805,"09.30 start, First Session 9.30-13.00, Interval 13.00-13.45, Second Session 13.45-17.15","West Indies 5, Sri Lanka 0"
DNB,0,0,0,-,,0,n/r,Zimbabwe,21-Nov-16,1059713,ODI # 3807,13.45-17.15,9.30-13.00,"Queens Sports Club, Bulawayo",,,FALSE,2016/17,ODI No. 3807,"09.30 start, First Session 9.30-13.00, Interval 13.00-13.45, Second Session 13.45-17.15","Zimbabwe 2, Sri Lanka 2"
330,7,50,300,6.6,,1,won,West Indies,23-Nov-16,1059714,ODI # 3808,9.30-13.00,13.45-17.15,"Queens Sports Club, Bulawayo",,12,FALSE,2016/17,ODI No. 3808,"09.30 start, First Session 9.30-13.00, Interval 13.00-13.45, Second Session 13.45-17.15","Sri Lanka 4, West Indies 0"
166,4,37.3,225,4.42,161,2,won,Zimbabwe,27-Nov-16,1059716,ODI # 3810,13.45-17.15,9.30-13.00,"Queens Sports Club, Bulawayo",,6,FALSE,2016/17,ODI No. 3810,"09.30 start, First Session 9.30-13.00, Interval 13.00-13.45, Second Session 13.45-17.15",
181,10,48.3,291,3.73,,1,lost,South Africa,28-Jan-17,936159,ODI # 3828,10.00-13.30,14.15-17.45,"St George's Park, Port Elizabeth",,17,FALSE,2016/17,ODI No. 3828,"10.00 start, First Session 10.00-13.30 Interval 13.30-14.15, Second Session 14.15-17.45",
186,10,37.5,227,4.91,308,2,lost,South Africa,1-Feb-17,936161,ODI # 3830,17.45-21.15,13.30-17.00,"Kingsmead, Durban",,6,TRUE,2016/17,ODI No. 3830,"13.30 start, First Session 13.30-17.00 Interval 17.00-17.45, Second Session 17.45-21.15",
163,10,39.2,236,4.14,,1,lost,South Africa,4-Feb-17,936163,ODI # 3831,13.30-17.00,17.45-21.15,"The Wanderers Stadium, Johannesburg",,9,FALSE,2016/17,ODI No. 3831,"13.30 start, First Session 13.30-17.00 Interval 17.00-17.45, Second Session 17.45-21.15",
327,10,48.1,289,6.78,368,2,lost,South Africa,7-Feb-17,936165,ODI # 3833,17.45-21.15,13.30-17.00,"Newlands, Cape Town",,10,FALSE,2016/17,ODI No. 3833,"13.30 start, First Session 13.30-17.00 Interval 17.00-17.45, Second Session 17.45-21.15",
296,8,50,300,5.92,385,2,lost,South Africa,10-Feb-17,936167,ODI # 3834,17.45-21.15,13.30-17.00,"SuperSport Park, Centurion",,24,TRUE,2016/17,ODI No. 3834,"13.30 start, First Session 13.30-17.00 Interval 17.00-17.45, Second Session 17.45-21.15",
234,10,45.1,271,5.18,325,2,lost,Bangladesh,25-Mar-17,1083446,ODI # 3855,18:45-22:15,14:30-18:00,Rangiri Dambulla International Stadium,,9,TRUE,2016/17,ODI No. 3855,"14:30 start, First Session 14:30-18:00, Interval 18:00-18:45, Second Session 18:45-22:15",
311,10,49.5,299,6.24,,1,n/r,Bangladesh,28-Mar-17,1083447,ODI # 3856,14:30-18:00,18:45-22:15,Rangiri Dambulla International Stadium,,22,TRUE,2016/17,ODI No. 3856,"14:30 start, First Session 14:30-18:00, Interval 18:00-18:45, Second Session 18:45-22:15",
280,9,50,300,5.6,,1,won,Bangladesh,1-Apr-17,1083448,ODI # 3858,10.00-13.30,14.15-17.45,"Sinhalese Sports Club Ground, Colombo",,19,FALSE,2016/17,ODI No. 3858,"10.00 start, First Session 10.00-13.30 Interval 13.30-14.15, Second Session 14.15-17.45",
203,10,41.3,249,4.89,300,2,lost,South Africa,3-Jun-17,1022351,ODI # 3877,14:45-18:15,10:30-14:00,"Kennington Oval, London",,15,TRUE,2017,ODI No. 3877,"10:30 start, First Session 10:30-14:00 Interval 14:00-14:45, Second Session 14:45-18:15","South Africa 2, Sri Lanka 0"
322,3,48.4,292,6.61,322,2,won,India,8-Jun-17,1022361,ODI # 3882,14:45-18:15,10:30-14:00,"Kennington Oval, London",,17,TRUE,2017,ODI No. 3882,"10:30 start, First Session 10:30-14:00 Interval 14:00-14:45, Second Session 14:45-18:15","Sri Lanka 2, India 0"
236,10,49.2,296,4.78,,1,lost,Pakistan,12-Jun-17,1022369,ODI # 3888,10:30-14:00,14:45-18:15,"Sophia Gardens, Cardiff",,19,FALSE,2017,ODI No. 3888,"10:30 start, First Session 10:30-14:00 Interval 14:00-14:45, Second Session 14:45-18:15","Pakistan 2, Sri Lanka 0"
316,5,50,300,6.32,,1,lost,Zimbabwe,30-Jun-17,1104478,ODI # 3897,09.45-13.15,14.00-17.30,Galle International Stadium,,9,TRUE,2017,ODI No. 3897,"09.45 start, First Session 09.45-13.15, Interval 13.15-14.00, Second Session 14.00-17.30",
158,3,30.1,181,5.23,156,2,won,Zimbabwe,2-Jul-17,1104479,ODI # 3899,14.00-17.30,09.45-13.15,Galle International Stadium,,12,TRUE,2017,ODI No. 3899,"09.45 start, First Session 09.45-13.15, Interval 13.15-14.00, Second Session 14.00-17.30",
312,2,47.2,284,6.59,311,2,won,Zimbabwe,6-Jul-17,1104480,ODI # 3901,14.00-17.30,09.45-13.15,"Mahinda Rajapaksa International Cricket Stadium, Sooriyawewa, Hambantota",,22,TRUE,2017,ODI No. 3901,"09.45 start, First Session 09.45-13.15, Interval 13.15-14.00, Second Session 14.00-17.30",
300,6,50,300,6,,1,lost,Zimbabwe,8-Jul-17,1104481,ODI # 3903,09.45-13.15,14.00-17.30,"Mahinda Rajapaksa International Cricket Stadium, Sooriyawewa, Hambantota",,13,TRUE,2017,ODI No. 3903,"09.45 start, First Session 09.45-13.15, Interval 13.15-14.00, Second Session 14.00-17.30",
203,8,50,300,4.06,,1,lost,Zimbabwe,10-Jul-17,1104482,ODI # 3904,09.45-13.15,14.00-17.30,"Mahinda Rajapaksa International Cricket Stadium, Sooriyawewa, Hambantota",,27,FALSE,2017,ODI No. 3904,"09.45 start, First Session 09.45-13.15, Interval 13.15-14.00, Second Session 14.00-17.30",
216,10,43.2,260,4.98,,1,lost,India,20-Aug-17,1109605,ODI # 3905,14:30-18:00,18:45-22:15,Rangiri Dambulla International Stadium,,16,FALSE,2017,ODI No. 3905,"14:30 start, First Session 14:30-18:00, Interval 18:00-18:45, Second Session 18:45-22:15",
236,8,50,300,4.72,,1,lost,India,24-Aug-17,1109606,ODI # 3906,14:30-18:00,18:45-22:15,Pallekele International Cricket Stadium,,22,FALSE,2017,ODI No. 3906,"14:30 start, First Session 14:30-18:00, Interval 18:00-18:45, Second Session 18:45-22:15",
217,9,50,300,4.34,,1,lost,India,27-Aug-17,1109607,ODI # 3907,14:30-18:00,18:45-22:15,Pallekele International Cricket Stadium,,19,TRUE,2017,ODI No. 3907,"14:30 start, First Session 14:30-18:00, Interval 18:00-18:45, Second Session 18:45-22:15",
207,10,42.4,256,4.85,376,2,lost,India,31-Aug-17,1109608,ODI # 3908,18:45-22:15,14:30-18:00,"R.Premadasa Stadium, Khettarama, Colombo",,13,FALSE,2017,ODI No. 3908,"14:30 start, First Session 14:30-18:00, Interval 18:00-18:45, Second Session 18:45-22:15",
238,10,49.4,298,4.79,,1,lost,India,3-Sep-17,1109609,ODI # 3909,14:30-18:00,18:45-22:15,"R.Premadasa Stadium, Khettarama, Colombo",,14,TRUE,2017,ODI No. 3909,"14:30 start, First Session 14:30-18:00, Interval 18:00-18:45, Second Session 18:45-22:15",
209,8,50,300,4.18,293,2,lost,Pakistan,13-Oct-17,1120286,ODI # 3922,19:10-22:35,16:30-18.38,Dubai International Cricket Stadium,,10,TRUE,2017/18,ODI No. 3922,,
187,10,48,288,3.89,220,2,lost,Pakistan,16-Oct-17,1120287,ODI # 3924,19:13-22:58,14:58-18:34,"Sheikh Zayed Stadium, Abu Dhabi",,11,FALSE,2017/18,ODI No. 3924,,
208,10,48.2,290,4.3,,1,lost,Pakistan,18-Oct-17,1120288,ODI # 3926,15:00-18:45,19:25-22:40,"Sheikh Zayed Stadium, Abu Dhabi",,13,TRUE,2017/18,ODI No. 3926,,
173,10,43.4,262,3.96,,1,lost,Pakistan,20-Oct-17,1120289,ODI # 3927,14:00-17:10,17:50-20:30,Sharjah Cricket Stadium,,13,TRUE,2017/18,ODI No. 3927,,
103,10,26.2,158,3.91,,1,lost,Pakistan,23-Oct-17,1120290,ODI # 3930,14:00-16:00,16:15-17:35,Sharjah Cricket Stadium,,9,TRUE,2017/18,ODI No. 3930,,
114,3,20.4,124,5.51,113,2,won,India,10-Dec-17,1122726,ODI # 3939,15.45-19.15,11.30-15.00,"Himachal Pradesh Cricket Association Stadium, Dharamsala",,13,TRUE,2017/18,ODI No. 3939,"11.30 start, First Session 11.30-15.00, Interval 15.00-15.45, Second Session 15.45-19.15",
251,8,50,300,5.02,393,2,lost,India,13-Dec-17,1122727,ODI # 3941,15.45-19.15,11.30-15.00,"Punjab Cricket Association IS Bindra Stadium, Mohali, Chandigarh",,11,TRUE,2017/18,ODI No. 3941,"11.30 start, First Session 11.30-15.00, Interval 15.00-15.45, Second Session 15.45-19.15",
215,10,44.5,269,4.79,,1,lost,India,17-Dec-17,1122728,ODI # 3942,13.30-17.00,17.45-21.15,"Dr. Y.S. Rajasekhara Reddy ACA-VDCA Cricket Stadium, Visakhapatnam",,8,FALSE,2017/18,ODI No. 3942,"13.30 start, First Session 13.30-17.00, Interval 17.00-17.45, Second Session 17.45-21.15",
278,10,48.1,289,5.77,291,2,lost,Zimbabwe,17-Jan-18,1130738,ODI # 3955,16.15-19.45,12.00-15.30,"Shere Bangla National Stadium, Mirpur, Dhaka",,18,TRUE,2017/18,ODI No. 3955,"12:00 start, First Session 12.00-15.30, Interval 15.30-16.15, Second Session 16.15-19.45","Zimbabwe 4, Sri Lanka 0"
157,10,32.2,194,4.85,321,2,lost,Bangladesh,19-Jan-18,1130739,ODI # 3959,16.15-19.45,12.00-15.30,"Shere Bangla National Stadium, Mirpur, Dhaka",,8,FALSE,2017/18,ODI No. 3959,"12:00 start, First Session 12.00-15.30, Interval 15.30-16.15, Second Session 16.15-19.45","Bangladesh 5, Sri Lanka 0"
202,5,44.5,269,4.5,199,2,won,Zimbabwe,21-Jan-18,1130740,ODI # 3962,16.15-19.45,12.00-15.30,"Shere Bangla National Stadium, Mirpur, Dhaka",,7,FALSE,2017/18,ODI No. 3962,"12:00 start, First Session 12.00-15.30, Interval 15.30-16.15, Second Session 16.15-19.45","Sri Lanka 4, Zimbabwe 0"
83,0,11.5,71,7.01,83,2,won,Bangladesh,25-Jan-18,1130742,ODI # 3965,16.15-19.45,12.00-15.30,"Shere Bangla National Stadium, Mirpur, Dhaka",,9,FALSE,2017/18,ODI No. 3965,"12:00 start, First Session 12.00-15.30, Interval 15.30-16.15, Second Session 16.15-19.45","Sri Lanka 5, Bangladesh 0"
221,10,50,300,4.42,,1,won,Bangladesh,27-Jan-18,1130743,ODI # 3967,12.00-15.30,16.15-19.45,"Shere Bangla National Stadium, Mirpur, Dhaka",,9,TRUE,2017/18,ODI No. 3967,"12:00 start, First Session 12.00-15.30, Interval 15.30-16.15, Second Session 16.15-19.45",
193,10,34.3,207,5.59,,1,lost,South Africa,29-Jul-18,1142584,ODI # 4025,10:00-12:55,13:00-16:00,Rangiri Dambulla International Stadium,,19,TRUE,2018,ODI No. 4025,,
244,8,50,300,4.88,,1,lost,South Africa,1-Aug-18,1142585,ODI # 4027,14:30-18:21,18:49-21:56,Rangiri Dambulla International Stadium,,11,TRUE,2018,ODI No. 4027,,
285,10,45.2,272,6.28,364,2,lost,South Africa,5-Aug-18,1142586,ODI # 4029,14:00-17:51,10:00-13:46,Pallekele International Cricket Stadium,,10,TRUE,2018,ODI No. 4029,,
306,7,39,234,7.84,,1,won,South Africa,8-Aug-18,1142587,ODI # 4030,16:30-20:17,20:33-23:50,Pallekele International Cricket Stadium,,22,FALSE,2018,ODI No. 4030,,
299,8,50,300,5.98,,1,won,South Africa,12-Aug-18,1142588,ODI # 4031,14:27-18:09,18:45-20:38,"R.Premadasa Stadium, Khettarama, Colombo",,25,TRUE,2018,ODI No. 4031,,
124,10,35.2,212,3.5,262,2,lost,Bangladesh,15-Sep-18,1153243,ODI # 4036,19.45-23.15,15.30-19.00,Dubai International Cricket Stadium,,1,FALSE,2018,ODI No. 4036,"15.30 start, First Session 15.30-19.00 Interval 19.00-19.45, Second Session 19.45-23.15","Bangladesh 2, Sri Lanka 0"
158,10,41.2,248,3.82,250,2,lost,Afghanistan,17-Sep-18,1153245,ODI # 4038,19.45-23.15,15.30-19.00,"Sheikh Zayed Stadium, Abu Dhabi",,13,FALSE,2018,ODI No. 4038,"15.30 start, First Session 15.30-19.00 Interval 19.00-19.45, Second Session 19.45-23.15","Afghanistan 2, Sri Lanka 0"
DNB,0,0,0,-,,0,n/r,England,10-Oct-18,1140379,ODI # 4052,(did not bat),14:30-15:30,Rangiri Dambulla International Stadium,,,TRUE,2018/19,ODI No. 4052,,
140,5,29,174,4.82,172,2,lost,England,13-Oct-18,1140380,ODI # 4053,14:00-17:30,09:45-13:15,Rangiri Dambulla International Stadium,,7,TRUE,2018/19,ODI No. 4053,"09:45 start, First Session 09:45-13:15, Interval 13:15-14:00, Second Session 14:00-17:30",
150,9,21,126,7.14,,1,lost,England,17-Oct-18,1140381,ODI # 4054,20:12-22:00,22:05-22:34,Pallekele International Cricket Stadium,,12,FALSE,2018/19,ODI No. 4054,,
273,7,50,300,5.46,,1,lost,England,20-Oct-18,1140382,ODI # 4055,09:45-13:15,14:00-17:30,Pallekele International Cricket Stadium,,19,FALSE,2018/19,ODI No. 4055,"09:45 start, First Session 09:45-13:15, Interval 13:15-14:00, Second Session 14:00-17:30",
366,6,50,300,7.32,,1,won,England,23-Oct-18,1140383,ODI # 4058,14:20-18:24,19:00-20:55,"R.Premadasa Stadium, Khettarama, Colombo",,15,TRUE,2018/19,ODI No. 4058,,
326,10,49,294,6.65,372,2,lost,New Zealand,3-Jan-19,1153840,ODI # 4074,18.15-21.45,14.00-17.30,"Bay Oval, Mount Maunganui",,23,FALSE,2018/19,ODI No. 4074,"14.00 start, First Session 14.00-17.30 Interval 17.30-18.15, Second Session 18.15-21.45",
298,10,46.2,278,6.43,320,2,lost,New Zealand,5-Jan-19,1153841,ODI # 4075,18.15-21.45,14.00-17.30,"Bay Oval, Mount Maunganui",,19,FALSE,2018/19,ODI No. 4075,"14.00 start, First Session 14.00-17.30 Interval 17.30-18.15, Second Session 18.15-21.45",
249,10,41.4,250,5.97,365,2,lost,New Zealand,8-Jan-19,1153842,ODI # 4076,15.15-18.45,11.00-14.30,"Saxton Oval, Nelson",,10,TRUE,2018/19,ODI No. 4076,"11.00 start, First Session 11.00-14.30 Interval 14.30-15.15, Second Session 15.15-18.45",
231,10,47,282,4.91,,1,lost,South Africa,3-Mar-19,1144167,ODI # 4104,10:00-13:28,14:00-17:03,"The Wanderers Stadium, Johannesburg",,7,FALSE,2018/19,ODI No. 4104,,
138,10,32.2,194,4.26,252,2,lost,South Africa,6-Mar-19,1144168,ODI # 4107,17:10-19:41,13:00-16:27,"SuperSport Park, Centurion",,14,TRUE,2018/19,ODI No. 4107,,
121,5,24,144,5.04,193,2,lost,South Africa,10-Mar-19,1144169,ODI # 4112,14:12-18:52,10:00-13:40,"Kingsmead, Durban",,10,TRUE,2018/19,ODI No. 4112,,
189,10,39.2,236,4.8,,1,lost,South Africa,13-Mar-19,1144170,ODI # 4114,13:00-16:09,16:50-19:08,"St George's Park, Port Elizabeth",,14,FALSE,2018/19,ODI No. 4114,,
225,10,49.3,297,4.54,,1,lost,South Africa,16-Mar-19,1144171,ODI # 4115,12:59-16:44,17:15-19:15,"Newlands, Cape Town",,23,TRUE,2018/19,ODI No. 4115,,
322,8,50,300,6.44,,1,won,Scotland,21-May-19,1169332,ODI # 4142,11.00-14.30,15.15-18.45,"Grange Cricket Club, Raeburn Place, Edinburgh",,13,FALSE,2019,ODI No. 4142,"11.00 start, First Session 11.00-14.30 Interval 14.30-15.15, Second Session 15.15-18.45",
136,10,29.2,176,4.63,,1,lost,New Zealand,1-Jun-19,1144485,ODI # 4145,10.30-14.00,14.45-18.15,"Sophia Gardens, Cardiff",,11,FALSE,2019,ODI No. 4145,"10.30 start, First Session 10.30-14.00 Interval 14.00-14.45, Second Session 14.45-18.15","New Zealand 2, Sri Lanka 0"
201,10,36.5,221,5.45,,1,won,Afghanistan,4-Jun-19,1144489,ODI # 4149,10.30-14.00,14.30-18.00,"Sophia Gardens, Cardiff",,35,FALSE,2019,ODI No. 4149,"10.30 start, First Session 10.30-14.00 Interval 14.00-14.30, Second Session 14.30-18.00","Sri Lanka 2, Afghanistan 0"
247,10,45.5,275,5.38,335,2,lost,Australia,15-Jun-19,1144502,ODI # 4159,14.30-18.00,10.30-14.00,"Kennington Oval, London",,8,TRUE,2019,ODI No. 4159,"10.30 start, First Session 10.30-14.00 Interval 14.00-14.30, Second Session 14.30-18.00","Australia 2, Sri Lanka 0"
232,9,50,300,4.64,,1,won,England,21-Jun-19,1144509,ODI # 4168,10.30-14.00,14.30-18.00,"Headingley, Leeds",,10,TRUE,2019,ODI No. 4168,"10.30 start, First Session 10.30-14.00 Interval 14.00-14.30, Second Session 14.30-18.00","Sri Lanka 2, England 0"
203,10,49.3,297,4.1,,1,lost,South Africa,28-Jun-19,1144517,ODI # 4176,10.30-14.00,14.30-18.00,"Riverside Ground, Chester-le-Street",,20,FALSE,2019,ODI No. 4176,"10.30 start, First Session 10.30-14.00 Interval 14.00-14.30, Second Session 14.30-18.00","South Africa 2, Sri Lanka 0"
338,6,50,300,6.76,,1,won,West Indies,1-Jul-19,1144521,ODI # 4180,10.30-14.00,14.30-18.00,"Riverside Ground, Chester-le-Street",,19,FALSE,2019,ODI No. 4180,"10.30 start, First Session 10.30-14.00 Interval 14.00-14.30, Second Session 14.30-18.00","Sri Lanka 2, West Indies 0"
264,7,50,300,5.28,,1,lost,India,6-Jul-19,1144526,ODI # 4187,10.30-14.00,14.30-18.00,"Headingley, Leeds",,15,TRUE,2019,ODI No. 4187,"10.30 start, First Session 10.30-14.00 Interval 14.00-14.30, Second Session 14.30-18.00","India 2, Sri Lanka 0"
314,8,50,300,6.28,,1,won,Bangladesh,26-Jul-19,1193504,ODI # 4193,14:35-18:37,19:05-22:38,"R.Premadasa Stadium, Khettarama, Colombo",,18,TRUE,2019,ODI No. 4193,,
242,3,44.4,268,5.41,239,2,won,Bangladesh,28-Jul-19,1193505,ODI # 4194,19:00-22:00,14:30-18:13,"R.Premadasa Stadium, Khettarama, Colombo",,22,FALSE,2019,ODI No. 4194,,
294,8,50,300,5.88,,1,won,Bangladesh,31-Jul-19,1193506,ODI # 4195,14:00-18:10,18:40-21:25,"R.Premadasa Stadium, Khettarama, Colombo",,4,TRUE,2019,ODI No. 4195,,
238,10,46.5,281,5.08,306,2,lost,Pakistan,30-Sep-19,1198487,ODI # 4211,19.15-22.45,15.00-18.30,"National Stadium, Karachi",,21,FALSE,2019/20,ODI No. 4211,"15.00 start, First Session 15.00-18.30, Interval 18.30-19.15, Second Session 19.15-22.45",
297,9,50,300,5.94,,1,lost,Pakistan,2-Oct-19,1198488,ODI # 4212,15.00-18.30,19.15-22.45,"National Stadium, Karachi",,18,TRUE,2019/20,ODI No. 4212,"15.00 start, First Session 15.00-18.30, Interval 18.30-19.15, Second Session 19.15-22.45",