Date,Match_Id,URL_Text,Bowling_Session,Venue,Temp,Feels,Wind,Gust,Rain,Humidity,Cloud,Pressure,Vis,URL
4-Jan-10,434258,ODI # 2937,14.30-18.00,"Shere Bangla National Stadium, Mirpur, Dhaka",26 °c,26 °c,9 km/h from W,10 km/h,0.0 mm,39%,4%,1009 mb,Excellent,https://www.worldweatheronline.com/cricket/shere-bangla-national-stadium-mirpur-dhaka-weather-history/bd.aspx
5-Jan-10,434259,ODI # 2938,14.30-18.00,"Shere Bangla National Stadium, Mirpur, Dhaka",28 °c,27 °c,9 km/h from NNW,11 km/h,0.0 mm,36%,0%,1010 mb,Excellent,https://www.worldweatheronline.com/cricket/shere-bangla-national-stadium-mirpur-dhaka-weather-history/bd.aspx
8-Jan-10,434261,ODI # 2940,14.00-17.30,"Shere Bangla National Stadium, Mirpur, Dhaka",30 °c,29 °c,7 km/h from WNW,8 km/h,0.0 mm,30%,0%,1013 mb,Excellent,https://www.worldweatheronline.com/cricket/shere-bangla-national-stadium-mirpur-dhaka-weather-history/bd.aspx
10-Jan-10,434262,ODI # 2941,18.15-21.45,"Shere Bangla National Stadium, Mirpur, Dhaka",24 °c,25 °c,3 km/h from NW,6 km/h,0.0 mm,57%,0%,1012 mb,Excellent,https://www.worldweatheronline.com/cricket/shere-bangla-national-stadium-mirpur-dhaka-weather-history/bd.aspx
13-Jan-10,434264,ODI # 2943,14.00-17.30,"Shere Bangla National Stadium, Mirpur, Dhaka",26 °c,25 °c,5 km/h from NNW,6 km/h,0.0 mm,33%,17%,1014 mb,Excellent,https://www.worldweatheronline.com/cricket/shere-bangla-national-stadium-mirpur-dhaka-weather-history/bd.aspx
30-May-10,452147,ODI # 2983,13.15-16.45,"Queens Sports Club, Bulawayo",13 °c,11 °c,18 km/h from ESE,26 km/h,3.0 mm,91%,69%,1023 mb,Excellent,https://www.worldweatheronline.com/cricket/queens-sports-club-bulawayo-weather-history/zw.aspx
1-Jun-10,452148,ODI # 2985,09.00-12.30,"Queens Sports Club, Bulawayo",12 °c,10 °c,18 km/h from SE,22 km/h,0.2 mm,85%,70%,1026 mb,Good,https://www.worldweatheronline.com/cricket/queens-sports-club-bulawayo-weather-history/zw.aspx
5-Jun-10,452150,ODI # 2988,09.00-12.30,Harare Sports Club,20 °c,20 °c,5 km/h from SSW,6 km/h,0.0 mm,47%,7%,1023 mb,Excellent,https://www.worldweatheronline.com/cricket/harare-sports-club-weather-history/zw.aspx
7-Jun-10,452151,ODI # 2989,13.15-16.45,Harare Sports Club,20 °c,20 °c,12 km/h from NE,14 km/h,0.0 mm,40%,4%,1020 mb,Excellent,https://www.worldweatheronline.com/cricket/harare-sports-club-weather-history/zw.aspx
9-Jun-10,452152,ODI # 2990,09.00-12.30,Harare Sports Club,23 °c,24 °c,3 km/h from WNW,3 km/h,0.0 mm,46%,9%,1020 mb,Excellent,https://www.worldweatheronline.com/cricket/harare-sports-club-weather-history/zw.aspx
15-Jun-10,455231,ODI # 2991,18.45-22.15,Rangiri Dambulla International Stadium,24 °c,27 °c,3 km/h from S,6 km/h,5.8 mm,99%,34%,1011 mb,Good,https://www.worldweatheronline.com/cricket/rangiri-dambulla-international-stadium-weather-history/lk.aspx
18-Jun-10,455233,ODI # 2995,18.45-22.15,Rangiri Dambulla International Stadium,24 °c,27 °c,3 km/h from SSW,5 km/h,7.8 mm,99%,57%,1010 mb,Average,https://www.worldweatheronline.com/cricket/rangiri-dambulla-international-stadium-weather-history/lk.aspx
22-Jun-10,455236,ODI # 2999,14.30-18.00,Rangiri Dambulla International Stadium,27 °c,33 °c,5 km/h from SSW,8 km/h,4.2 mm,91%,51%,1009 mb,Good,https://www.worldweatheronline.com/cricket/rangiri-dambulla-international-stadium-weather-history/lk.aspx
24-Jun-10,455237,ODI # 3001,14.30-18.00,Rangiri Dambulla International Stadium,27 °c,32 °c,5 km/h from SW,10 km/h,10.0 mm,95%,60%,1008 mb,Average,https://www.worldweatheronline.com/cricket/rangiri-dambulla-international-stadium-weather-history/lk.aspx
13-Aug-10,456664,ODI # 3031,14.30-18.00,Rangiri Dambulla International Stadium,27 °c,30 °c,8 km/h from WSW,12 km/h,0.6 mm,74%,29%,1010 mb,Excellent,https://www.worldweatheronline.com/cricket/rangiri-dambulla-international-stadium-weather-history/lk.aspx
16-Aug-10,456663,ODI # 3032,18.45-22.15,Rangiri Dambulla International Stadium,24 °c,27 °c,4 km/h from WSW,7 km/h,2.7 mm,95%,47%,1010 mb,Good,https://www.worldweatheronline.com/cricket/rangiri-dambulla-international-stadium-weather-history/lk.aspx
19-Aug-10,473315,ODI # 3037,18.45-22.15,Rangiri Dambulla International Stadium,24 °c,27 °c,2 km/h from SSW,3 km/h,4.8 mm,99%,77%,1009 mb,Good,https://www.worldweatheronline.com/cricket/rangiri-dambulla-international-stadium-weather-history/lk.aspx
22-Aug-10,456666,ODI # 3038,14.30-18.00,Rangiri Dambulla International Stadium,28 °c,33 °c,3 km/h from SE,5 km/h,11.3 mm,89%,66%,1010 mb,Average,https://www.worldweatheronline.com/cricket/rangiri-dambulla-international-stadium-weather-history/lk.aspx
28-Aug-10,456668,ODI # 3040,18.45-22.15,Rangiri Dambulla International Stadium,23 °c,26 °c,6 km/h from SW,11 km/h,2.6 mm,95%,45%,1008 mb,Good,https://www.worldweatheronline.com/cricket/rangiri-dambulla-international-stadium-weather-history/lk.aspx
3-Nov-10,446957,ODI # 3065,14.20-17.50,Melbourne Cricket Ground,13 °c,12 °c,13 km/h from SSW,17 km/h,0.2 mm,56%,44%,1022 mb,Excellent,https://www.worldweatheronline.com/cricket/melbourne-cricket-ground-weather-history/au.aspx
5-Nov-10,446958,ODI # 3066,18.35-22.05,Sydney Cricket Ground,15 °c,14 °c,15 km/h from SSE,25 km/h,0.1 mm,77%,47%,1023 mb,Excellent,https://www.worldweatheronline.com/cricket/sydney-cricket-ground-weather-history/au.aspx
7-Nov-10,446959,ODI # 3068,17.35-21.05,"Brisbane Cricket Ground, Woolloongabba, Brisbane",20 °c,20 °c,15 km/h from E,27 km/h,0.3 mm,89%,67%,1019 mb,Excellent,https://www.worldweatheronline.com/cricket/brisbane-cricket-ground-the-gabba-weather-history/au.aspx
31-Jan-11,464990,ODI # 3092,09.30-13.00,"Sinhalese Sports Club Ground, Colombo",32 °c,36 °c,9 km/h from N,10 km/h,0.2 mm,60%,19%,1011 mb,Excellent,https://www.worldweatheronline.com/cricket/sinhalese-sports-club-colombo-weather-history/lk.aspx
3-Feb-11,464991,ODI # 3096,09.30-13.00,"Sinhalese Sports Club Ground, Colombo",26 °c,29 °c,22 km/h from N,30 km/h,0.2 mm,80%,97%,1011 mb,Poor,https://www.worldweatheronline.com/cricket/sinhalese-sports-club-colombo-weather-history/lk.aspx
6-Feb-11,464992,ODI # 3099,13.45-17.15,"Sinhalese Sports Club Ground, Colombo",27 °c,31 °c,19 km/h from N,28 km/h,1.2 mm,78%,39%,1007 mb,Excellent,https://www.worldweatheronline.com/cricket/sinhalese-sports-club-colombo-weather-history/lk.aspx
20-Feb-11,433560,ODI # 3102,18.45-22.15,"Mahinda Rajapaksa International Cricket Stadium, Sooriyawewa, Hambantota",25 °c,28 °c,10 km/h from NE,17 km/h,0.0 mm,89%,24%,1013 mb,Excellent,https://www.worldweatheronline.com/cricket/mahinda-rajapaksa-international-stadium-weather-history/lk.aspx
26-Feb-11,433567,ODI # 3109,14.30-18.00,"R.Premadasa Stadium, Khettarama, Colombo",29 °c,32 °c,9 km/h from NW,12 km/h,0.0 mm,59%,20%,1008 mb,Excellent,
1-Mar-11,433571,ODI # 3113,14.30-18.00,"R.Premadasa Stadium, Khettarama, Colombo",29 °c,32 °c,21 km/h from NNE,31 km/h,4.6 mm,65%,33%,1008 mb,Good,https://www.worldweatheronline.com/cricket/rpremadasa-stadium-khettarama-colombo-weather-history/lk.aspx
5-Mar-11,433577,ODI # 3119,18.45-22.15,"R.Premadasa Stadium, Khettarama, Colombo",26 °c,30 °c,7 km/h from S,10 km/h,0.2 mm,84%,76%,1011 mb,Excellent,
10-Mar-11,433583,ODI # 3125,18.45-22.15,Pallekele International Cricket Stadium,19 °c,19 °c,1 km/h from ENE,3 km/h,0.0 mm,92%,0%,1011 mb,Excellent,https://www.worldweatheronline.com/cricket/pallekele-cricket-stadium-kandy-weather-history/lk.aspx
18-Mar-11,433594,ODI # 3137,18.45-22.15,"Wankhede Stadium, Mumbai",31 °c,36 °c,6 km/h from WSW,7 km/h,0.0 mm,68%,0%,1007 mb,Excellent,https://www.worldweatheronline.com/cricket/wankhede-stadium-mumbai-weather-history/in.aspx
26-Mar-11,433603,ODI # 3145,14.30-18.00,"R.Premadasa Stadium, Khettarama, Colombo",29 °c,34 °c,15 km/h from SW,18 km/h,0.4 mm,72%,10%,1009 mb,Excellent,
29-Mar-11,433604,ODI # 3146,14.30-18.00,"R.Premadasa Stadium, Khettarama, Colombo",30 °c,35 °c,16 km/h from W,20 km/h,0.6 mm,68%,14%,1008 mb,Excellent,
2-Apr-11,433606,ODI # 3148,18.45-22.15,"Wankhede Stadium, Mumbai",27 °c,31 °c,6 km/h from WNW,10 km/h,0.8 mm,86%,14%,1011 mb,Excellent,
28-Jun-11,474467,ODI # 3165,13.00-16.30,"Kennington Oval, London",22 °c,22 °c,14 km/h from N,17 km/h,0.0 mm,82%,97%,1014 mb,Excellent,https://www.worldweatheronline.com/cricket/kennington-oval-london-weather-history/gb.aspx
1-Jul-11,474468,ODI # 3167,15.00-18.30,"Headingley, Leeds",17 °c,17 °c,10 km/h from WNW,13 km/h,0.3 mm,66%,41%,1026 mb,Excellent,https://www.worldweatheronline.com/cricket/headingley-leeds-weather-history/gb.aspx
3-Jul-11,474469,ODI # 3168,10.45-14.15,"Lord's, London",21 °c,21 °c,6 km/h from NNW,7 km/h,0.6 mm,63%,67%,1018 mb,Excellent,https://www.worldweatheronline.com/cricket/lords-london-weather-history/gb.aspx
6-Jul-11,474470,ODI # 3169,18.15-21.45,"Trent Bridge, Nottingham",15 °c,15 °c,12 km/h from SSW,19 km/h,0.0 mm,78%,84%,1002 mb,Excellent,https://www.worldweatheronline.com/cricket/trent-bridge-nottingham-weather-history/gb.aspx
9-Jul-11,474471,ODI # 3170,10.45-14.15,"Old Trafford, Manchester",18 °c,18 °c,20 km/h from W,23 km/h,0.0 mm,66%,7%,1009 mb,Excellent,https://www.worldweatheronline.com/cricket/old-trafford-manchester-weather-history/gb.aspx
13-Jul-11,506208,ODI # 3172,15.00-18.30,"Grange Cricket Club, Raeburn Place, Edinburgh",17 °c,17 °c,9 km/h from E,10 km/h,0.1 mm,75%,22%,1022 mb,Excellent,https://www.worldweatheronline.com/cricket/grange-cricket-club-edinburgh-weather-history/gb.aspx
10-Aug-11,516206,ODI # 3175,18.45-22.15,Pallekele International Cricket Stadium,24 °c,26 °c,11 km/h from SW,17 km/h,0.2 mm,81%,18%,1009 mb,Excellent,
14-Aug-11,516207,ODI # 3178,18.45-22.15,"Mahinda Rajapaksa International Cricket Stadium, Sooriyawewa, Hambantota",27 °c,30 °c,24 km/h from W,35 km/h,0.0 mm,82%,47%,1010 mb,Excellent,
16-Aug-11,516208,ODI # 3180,18.45-22.15,"Mahinda Rajapaksa International Cricket Stadium, Sooriyawewa, Hambantota",26 °c,30 °c,25 km/h from WSW,37 km/h,0.4 mm,84%,44%,1010 mb,Excellent,
20-Aug-11,516209,ODI # 3182,18.45-22.15,"R.Premadasa Stadium, Khettarama, Colombo",27 °c,31 °c,11 km/h from SW,16 km/h,1.5 mm,82%,27%,1009 mb,Excellent,
22-Aug-11,516210,ODI # 3184,14.30-18.00,"R.Premadasa Stadium, Khettarama, Colombo",28 °c,31 °c,18 km/h from SW,23 km/h,5.0 mm,72%,50%,1008 mb,Good,
11-Nov-11,530427,ODI # 3212,19.15-22.45,Dubai International Cricket Stadium,26 °c,26 °c,15 km/h from NNW,21 km/h,0.0 mm,48%,0%,1016 mb,Excellent,https://www.worldweatheronline.com/cricket/dubai-international-cricket-stadium-dubai-weather-history/ae.aspx
14-Nov-11,530428,ODI # 3213,19.15-22.45,Dubai International Cricket Stadium,26 °c,28 °c,13 km/h from NW,19 km/h,0.0 mm,59%,0%,1015 mb,Excellent,https://www.worldweatheronline.com/cricket/dubai-international-cricket-stadium-dubai-weather-history/ae.aspx
18-Nov-11,530429,ODI # 3214,15.00-18.30,Dubai International Cricket Stadium,28 °c,30 °c,12 km/h from NW,17 km/h,0.0 mm,58%,0%,1013 mb,Excellent,https://www.worldweatheronline.com/cricket/dubai-international-cricket-stadium-dubai-weather-history/ae.aspx
20-Nov-11,530430,ODI # 3215,15.00-18.30,Sharjah Cricket Stadium,30 °c,32 °c,11 km/h from NE,17 km/h,0.0 mm,46%,0%,1013 mb,Excellent,https://www.worldweatheronline.com/cricket/sharjah-cricket-association-stadium-weather-history/ae.aspx
23-Nov-11,530431,ODI # 3216,19.15-22.45,"Sheikh Zayed Stadium, Abu Dhabi",25 °c,26 °c,26 km/h from NW,42 km/h,3.1 mm,72%,22%,1015 mb,Good,https://www.worldweatheronline.com/cricket/sheikh-zayed-stadium-abu-dhabi-weather-history/ae.aspx
11-Jan-12,514035,ODI # 3225,14.30-18.00,"Boland Park, Paarl",26 °c,26 °c,14 km/h from W,16 km/h,0.0 mm,40%,0%,1009 mb,Excellent,https://www.worldweatheronline.com/cricket/boland-park-weather-history/za.aspx
14-Jan-12,514036,ODI # 3226,14.15-17.45,"Buffalo Park, East London",23 °c,25 °c,19 km/h from E,23 km/h,0.1 mm,79%,56%,1019 mb,Excellent,https://www.worldweatheronline.com/cricket/buffalo-park-east-london-weather-history/za.aspx
17-Jan-12,514037,ODI # 3227,18.45-22.15,"Mangaung Oval, Bloemfontein",25 °c,25 °c,8 km/h from SSW,16 km/h,0.0 mm,35%,5%,1010 mb,Excellent,https://www.worldweatheronline.com/cricket/goodyear-park-bloemfontein-weather-history/za.aspx
20-Jan-12,514038,ODI # 3228,14.30-18.00,"Diamond Oval, Kimberley",30 °c,29 °c,15 km/h from WNW,18 km/h,0.3 mm,38%,40%,1006 mb,Excellent,https://www.worldweatheronline.com/cricket/de-beers-diamond-oval-kimberley-weather-history/za.aspx
22-Jan-12,514039,ODI # 3229,10.00-13.30,"The Wanderers Stadium, Johannesburg",26 °c,27 °c,5 km/h from NW,5 km/h,0.0 mm,57%,12%,1009 mb,Excellent,https://www.worldweatheronline.com/cricket/new-wanderers-johannesburg-weather-history/za.aspx
8-Feb-12,518957,ODI # 3233,16.35-20.05,"W.A.C.A. Ground, Perth",25 °c,26 °c,21 km/h from ESE,43 km/h,0.0 mm,47%,7%,1012 mb,Excellent,https://www.worldweatheronline.com/cricket/western-australian-cricket-association-ground-the-waca-perth-weather-history/au.aspx
10-Feb-12,518958,ODI # 3235,12.20-15.50,"W.A.C.A. Ground, Perth",38 °c,37 °c,12 km/h from N,14 km/h,0.0 mm,18%,6%,1010 mb,Excellent,https://www.worldweatheronline.com/cricket/western-australian-cricket-association-ground-the-waca-perth-weather-history/au.aspx
14-Feb-12,518960,ODI # 3239,18.05-21.35,Adelaide Oval,26 °c,27 °c,10 km/h from SW,20 km/h,0.0 mm,42%,30%,1012 mb,Excellent,https://www.worldweatheronline.com/cricket/adelaide-oval-weather-history/au.aspx
17-Feb-12,518961,ODI # 3241,14.20-17.50,Sydney Cricket Ground,26 °c,28 °c,16 km/h from NE,19 km/h,0.0 mm,59%,28%,1015 mb,Excellent,
21-Feb-12,518963,ODI # 3246,17.35-21.05,"Brisbane Cricket Ground, Woolloongabba, Brisbane",25 °c,28 °c,1 km/h from W,2 km/h,3.0 mm,89%,17%,1008 mb,Good,
24-Feb-12,518964,ODI # 3248,14.20-17.50,"Bellerive Oval, Hobart",22 °c,25 °c,8 km/h from SE,11 km/h,0.0 mm,58%,0%,1018 mb,Excellent,https://www.worldweatheronline.com/cricket/bellerive-oval-hobart-weather-history/au.aspx
28-Feb-12,518966,ODI # 3251,18.25-21.55,"Bellerive Oval, Hobart",12 °c,11 °c,14 km/h from S,23 km/h,0.0 mm,75%,19%,1019 mb,Excellent,https://www.worldweatheronline.com/cricket/bellerive-oval-hobart-weather-history/au.aspx
2-Mar-12,518967,ODI # 3253,18.25-21.55,Melbourne Cricket Ground,15 °c,15 °c,10 km/h from ESE,17 km/h,1.0 mm,89%,100%,1015 mb,Excellent,
4-Mar-12,518968,ODI # 3255,13.20-16.50,"Brisbane Cricket Ground, Woolloongabba, Brisbane",25 °c,28 °c,15 km/h from E,24 km/h,0.5 mm,84%,57%,1013 mb,Excellent,
6-Mar-12,518969,ODI # 3256,13.50-17.20,Adelaide Oval,21 °c,21 °c,21 km/h from SSE,28 km/h,0.0 mm,64%,9%,1024 mb,Excellent,
8-Mar-12,518970,ODI # 3257,13.50-17.20,Adelaide Oval,23 °c,25 °c,14 km/h from SW,20 km/h,0.0 mm,45%,0%,1016 mb,Excellent,
13-Mar-12,535795,ODI # 3259,14.00-17.30,"Shere Bangla National Stadium, Mirpur, Dhaka",35 °c,34 °c,6 km/h from NE,7 km/h,0.0 mm,25%,5%,1010 mb,Excellent,
15-Mar-12,535796,ODI # 3260,18.15-21.45,"Shere Bangla National Stadium, Mirpur, Dhaka",28 °c,27 °c,9 km/h from WNW,20 km/h,0.0 mm,38%,3%,1009 mb,Excellent,
20-Mar-12,535799,ODI # 3265,18.15-21.45,"Shere Bangla National Stadium, Mirpur, Dhaka",30 °c,32 °c,9 km/h from SE,17 km/h,0.2 mm,55%,24%,1006 mb,Excellent,
7-Jun-12,562439,ODI # 3272,18.45-22.15,Pallekele International Cricket Stadium,23 °c,25 °c,15 km/h from SW,23 km/h,0.1 mm,84%,38%,1008 mb,Excellent,
9-Jun-12,562440,ODI # 3273,18.45-22.15,Pallekele International Cricket Stadium,23 °c,25 °c,15 km/h from SW,23 km/h,0.0 mm,87%,30%,1008 mb,Excellent,
13-Jun-12,562441,ODI # 3274,14.30-18.00,"R.Premadasa Stadium, Khettarama, Colombo",28 °c,31 °c,23 km/h from SSW,29 km/h,1.5 mm,74%,47%,1007 mb,Excellent,
16-Jun-12,562442,ODI # 3275,18.45-22.15,"R.Premadasa Stadium, Khettarama, Colombo",27 °c,31 °c,15 km/h from WSW,23 km/h,0.1 mm,81%,60%,1010 mb,Excellent,
18-Jun-12,562443,ODI # 3277,14.30-18.00,"R.Premadasa Stadium, Khettarama, Colombo",28 °c,32 °c,21 km/h from WSW,28 km/h,0.1 mm,72%,45%,1010 mb,Excellent,
21-Jul-12,564781,ODI # 3291,14.30-18.00,"Mahinda Rajapaksa International Cricket Stadium, Sooriyawewa, Hambantota",27 °c,30 °c,26 km/h from W,38 km/h,0.0 mm,78%,5%,1010 mb,Excellent,
24-Jul-12,564782,ODI # 3292,14.30-18.00,"Mahinda Rajapaksa International Cricket Stadium, Sooriyawewa, Hambantota",27 °c,31 °c,27 km/h from WSW,36 km/h,0.0 mm,79%,20%,1008 mb,Excellent,
28-Jul-12,564783,ODI # 3293,18.45-22.15,"R.Premadasa Stadium, Khettarama, Colombo",27 °c,30 °c,12 km/h from SW,18 km/h,0.0 mm,83%,68%,1009 mb,Excellent,
31-Jul-12,564784,ODI # 3294,18.45-22.15,"R.Premadasa Stadium, Khettarama, Colombo",27 °c,30 °c,12 km/h from SSW,18 km/h,0.0 mm,83%,35%,1011 mb,Excellent,
4-Aug-12,564785,ODI # 3295,14.30-18.00,Pallekele International Cricket Stadium,27 °c,28 °c,19 km/h from WSW,24 km/h,1.0 mm,62%,7%,1007 mb,Excellent,
4-Nov-12,582188,ODI # 3305,14.30-18.00,Pallekele International Cricket Stadium,25 °c,28 °c,4 km/h from W,6 km/h,3.7 mm,82%,32%,1008 mb,Good,
6-Nov-12,582189,ODI # 3306,14.30-18.00,Pallekele International Cricket Stadium,24 °c,27 °c,0 km/h from S,1 km/h,22.1 mm,91%,55%,1008 mb,Average,
10-Nov-12,582190,ODI # 3307,14.30-18.00,"Mahinda Rajapaksa International Cricket Stadium, Sooriyawewa, Hambantota",27 °c,30 °c,6 km/h from NNE,10 km/h,4.1 mm,79%,37%,1012 mb,Good,
12-Nov-12,582191,ODI # 3308,18.45-22.15,"Mahinda Rajapaksa International Cricket Stadium, Sooriyawewa, Hambantota",26 °c,29 °c,8 km/h from NNE,13 km/h,7.6 mm,81%,26%,1012 mb,Average,
11-Jan-13,573014,ODI # 3317,14.20-17.50,Melbourne Cricket Ground,32 °c,30 °c,16 km/h from SSW,19 km/h,0.0 mm,24%,2%,1001 mb,Excellent,
13-Jan-13,573015,ODI # 3319,13.50-17.20,Adelaide Oval,19 °c,19 °c,11 km/h from S,13 km/h,1.8 mm,60%,5%,1017 mb,Excellent,
18-Jan-13,573016,ODI # 3321,13.20-16.50,"Brisbane Cricket Ground, Woolloongabba, Brisbane",28 °c,30 °c,24 km/h from NNE,28 km/h,0.0 mm,62%,11%,1007 mb,Excellent,
20-Jan-13,573017,ODI # 3324,14.20-17.50,Sydney Cricket Ground,23 °c,25 °c,8 km/h from ESE,10 km/h,1.0 mm,82%,91%,1015 mb,Excellent,
23-Jan-13,573018,ODI # 3326,14.20-17.50,"Bellerive Oval, Hobart",16 °c,16 °c,15 km/h from ESE,20 km/h,0.0 mm,63%,64%,1021 mb,Excellent,
23-Mar-13,602474,ODI # 3349,14.30-18.00,"Mahinda Rajapaksa International Cricket Stadium, Sooriyawewa, Hambantota",28 °c,31 °c,1 km/h from S,2 km/h,1.3 mm,79%,12%,1010 mb,Excellent,
25-Mar-13,602475,ODI # 3351,18.45-22.15,"Mahinda Rajapaksa International Cricket Stadium, Sooriyawewa, Hambantota",27 °c,30 °c,6 km/h from N,10 km/h,7.0 mm,82%,20%,1010 mb,Good,
28-Mar-13,602476,ODI # 3352,18.45-22.15,Pallekele International Cricket Stadium,25 °c,27 °c,3 km/h from WNW,5 km/h,1.3 mm,89%,75%,1011 mb,Excellent,
9-Jun-13,578617,ODI # 3366,14.45-18.15,"Sophia Gardens, Cardiff",17 °c,17 °c,13 km/h from ENE,17 km/h,0.0 mm,61%,0%,1015 mb,Excellent,https://www.worldweatheronline.com/cricket/sophia-gardens-cardiff-weather-history/gb.aspx
13-Jun-13,578621,ODI # 3370,13.00-16.30,"Kennington Oval, London",16 °c,16 °c,25 km/h from SW,32 km/h,0.0 mm,77%,100%,1010 mb,Excellent,
17-Jun-13,578625,ODI # 3374,17.15-20.45,"Kennington Oval, London",17 °c,17 °c,18 km/h from NE,27 km/h,0.0 mm,65%,31%,1013 mb,Excellent,
20-Jun-13,566947,ODI # 3376,14.45-18.15,"Sophia Gardens, Cardiff",18 °c,18 °c,10 km/h from S,16 km/h,0.6 mm,89%,76%,1010 mb,Excellent,
28-Jun-13,597923,ODI # 3378,13.45-17.15,"Sabina Park, Kingston, Jamaica",28 °c,32 °c,15 km/h from ESE,28 km/h,4.2 mm,80%,49%,1011 mb,Good,
2-Jul-13,597925,ODI # 3382,13.45-17.15,"Sabina Park, Kingston, Jamaica",29 °c,33 °c,20 km/h from ESE,24 km/h,0.2 mm,71%,38%,1014 mb,Excellent,https://www.worldweatheronline.com/cricket/sabina-park-kingston-jamaica-weather-history/xw.aspx
7-Jul-13,597927,ODI # 3385,13.45-17.15,"Queen's Park Oval, Port of Spain, Trinidad",28 °c,31 °c,12 km/h from NE,18 km/h,2.2 mm,76%,24%,1011 mb,Excellent,
9-Jul-13,597928,ODI # 3387,09.30-13.00,"Queen's Park Oval, Port of Spain, Trinidad",29 °c,32 °c,9 km/h from SE,13 km/h,0.2 mm,70%,18%,1015 mb,Excellent,
11-Jul-13,597929,ODI # 3388,13.45-17.15,"Queen's Park Oval, Port of Spain, Trinidad",29 °c,32 °c,16 km/h from ENE,24 km/h,0.0 mm,70%,7%,1012 mb,Excellent,
20-Jul-13,635653,ODI # 3392,18.45-22.15,"R.Premadasa Stadium, Khettarama, Colombo",26 °c,30 °c,10 km/h from SW,14 km/h,0.6 mm,88%,46%,1009 mb,Excellent,
23-Jul-13,635654,ODI # 3394,18.45-22.15,"R.Premadasa Stadium, Khettarama, Colombo",26 °c,29 °c,14 km/h from SW,22 km/h,1.2 mm,83%,33%,1009 mb,Excellent,
26-Jul-13,635655,ODI # 3398,14.30-18.00,Pallekele International Cricket Stadium,27 °c,28 °c,18 km/h from WSW,22 km/h,0.2 mm,56%,28%,1007 mb,Excellent,
28-Jul-13,635656,ODI # 3400,14.30-18.00,Pallekele International Cricket Stadium,27 °c,29 °c,12 km/h from W,15 km/h,1.4 mm,64%,12%,1008 mb,Excellent,
31-Jul-13,635657,ODI # 3401,18.45-22.15,"R.Premadasa Stadium, Khettarama, Colombo",26 °c,30 °c,13 km/h from SW,18 km/h,0.7 mm,87%,33%,1009 mb,Excellent,
10-Nov-13,668961,ODI # 3432,18.45-22.15,"Mahinda Rajapaksa International Cricket Stadium, Sooriyawewa, Hambantota",26 °c,29 °c,6 km/h from N,9 km/h,3.3 mm,84%,34%,1010 mb,Good,
12-Nov-13,668963,ODI # 3434,18.45-22.15,"Mahinda Rajapaksa International Cricket Stadium, Sooriyawewa, Hambantota",27 °c,30 °c,7 km/h from NNE,11 km/h,9.9 mm,79%,35%,1009 mb,Average,
16-Nov-13,668965,ODI # 3435,14.15-17.45,Rangiri Dambulla International Stadium,27 °c,32 °c,4 km/h from NE,9 km/h,8.8 mm,90%,25%,1007 mb,Average,
18-Dec-13,657637,ODI # 3445,15.00-18.30,Sharjah Cricket Stadium,25 °c,26 °c,10 km/h from NNE,13 km/h,0.0 mm,50%,4%,1016 mb,Excellent,
20-Dec-13,657639,ODI # 3446,15.00-18.30,Dubai International Cricket Stadium,24 °c,25 °c,24 km/h from WNW,32 km/h,0.0 mm,61%,7%,1016 mb,Excellent,
22-Dec-13,657641,ODI # 3447,15.00-18.30,Sharjah Cricket Stadium,22 °c,25 °c,4 km/h from SSE,5 km/h,2.9 mm,55%,45%,1017 mb,Good,
25-Dec-13,657643,ODI # 3448,19.15-22.45,"Sheikh Zayed Stadium, Abu Dhabi",21 °c,21 °c,28 km/h from N,41 km/h,0.0 mm,41%,0%,1024 mb,Excellent,
27-Dec-13,657645,ODI # 3450,15.00-18.30,"Sheikh Zayed Stadium, Abu Dhabi",22 °c,22 °c,22 km/h from NW,27 km/h,0.0 mm,57%,0%,1021 mb,Excellent,
17-Feb-14,690355,ODI # 3469,17.15-20.45,"Shere Bangla National Stadium, Mirpur, Dhaka",23 °c,25 °c,11 km/h from NW,16 km/h,0.0 mm,48%,0%,1012 mb,Excellent,
20-Feb-14,690357,ODI # 3470,17.15-20.45,"Shere Bangla National Stadium, Mirpur, Dhaka",26 °c,26 °c,9 km/h from WNW,16 km/h,0.0 mm,44%,0%,1011 mb,Excellent,
22-Feb-14,690359,ODI # 3471,13.00-16.30,"Shere Bangla National Stadium, Mirpur, Dhaka",32 °c,31 °c,5 km/h from N,5 km/h,0.0 mm,29%,0%,1015 mb,Excellent,
25-Feb-14,710291,ODI # 3473,18.15-21.45,"Khan Shaheb Osman Ali Stadium, Fatullah",26 °c,28 °c,23 km/h from NE,37 km/h,0.0 mm,72%,5%,1012 mb,Excellent,https://www.worldweatheronline.com/cricket/narayanganj-osmani-stadium-weather-history/bd.aspx
28-Feb-14,710297,ODI # 3476,14.00-17.30,"Khan Shaheb Osman Ali Stadium, Fatullah",26 °c,28 °c,28 km/h from NNE,33 km/h,0.0 mm,71%,3%,1013 mb,Excellent,https://www.worldweatheronline.com/cricket/narayanganj-osmani-stadium-weather-history/bd.aspx
3-Mar-14,710303,ODI # 3481,18.15-21.45,"Shere Bangla National Stadium, Mirpur, Dhaka",26 °c,26 °c,8 km/h from NW,16 km/h,0.0 mm,36%,6%,1011 mb,Excellent,
6-Mar-14,710309,ODI # 3485,14.00-17.30,"Shere Bangla National Stadium, Mirpur, Dhaka",32 °c,30 °c,12 km/h from WNW,14 km/h,0.0 mm,24%,5%,1011 mb,Excellent,
8-Mar-14,710311,ODI # 3486,14.00-17.30,"Shere Bangla National Stadium, Mirpur, Dhaka",33 °c,31 °c,11 km/h from NNW,12 km/h,0.0 mm,20%,2%,1013 mb,Excellent,
6-May-14,706767,ODI # 3490,15.00-18.30,"Castle Avenue, Dublin",13 °c,11 °c,28 km/h from S,38 km/h,0.5 mm,76%,57%,1000 mb,Excellent,
22-May-14,667889,ODI # 3492,13.00-16.30,"Kennington Oval, London",18 °c,18 °c,19 km/h from SSE,22 km/h,0.0 mm,66%,33%,1002 mb,Excellent,
25-May-14,667891,ODI # 3493,14.45-18.15,"Riverside Ground, Chester-le-Street",14 °c,13 °c,12 km/h from SSE,17 km/h,0.4 mm,80%,71%,1016 mb,Excellent,
28-May-14,667893,ODI # 3494,18.15-21.45,"Old Trafford, Manchester",11 °c,9 °c,11 km/h from NNE,16 km/h,1.7 mm,98%,100%,1015 mb,Excellent,
31-May-14,667895,ODI # 3495,14.45-18.15,"Lord's, London",19 °c,19 °c,5 km/h from NNW,5 km/h,0.1 mm,60%,35%,1024 mb,Excellent,
3-Jun-14,667897,ODI # 3496,14.00-17.30,"Edgbaston, Birmingham",16 °c,16 °c,11 km/h from WSW,13 km/h,1.2 mm,79%,71%,1010 mb,Excellent,
6-Jul-14,730083,ODI # 3500,10.00-13.30,"R.Premadasa Stadium, Khettarama, Colombo",29 °c,33 °c,18 km/h from WSW,21 km/h,10.2 mm,71%,25%,1009 mb,Average,
9-Jul-14,730085,ODI # 3501,18.45-22.15,Pallekele International Cricket Stadium,22 °c,25 °c,14 km/h from SW,23 km/h,0.0 mm,86%,14%,1009 mb,Excellent,
12-Jul-14,730087,ODI # 3502,10.00-13.30,"Mahinda Rajapaksa International Cricket Stadium, Sooriyawewa, Hambantota",31 °c,34 °c,36 km/h from W,49 km/h,0.0 mm,59%,16%,1007 mb,Excellent,
23-Aug-14,745159,ODI # 3512,14.15-17.45,"Mahinda Rajapaksa International Cricket Stadium, Sooriyawewa, Hambantota",27 °c,30 °c,21 km/h from WSW,33 km/h,0.0 mm,79%,100%,1009 mb,Excellent,
26-Aug-14,745161,ODI # 3515,18.45-22.15,"Mahinda Rajapaksa International Cricket Stadium, Sooriyawewa, Hambantota",26 °c,29 °c,20 km/h from W,30 km/h,0.0 mm,84%,26%,1011 mb,Excellent,
30-Aug-14,745163,ODI # 3519,10.00-13.30,Rangiri Dambulla International Stadium,29 °c,33 °c,6 km/h from NE,7 km/h,0.0 mm,68%,26%,1013 mb,Excellent,
2-Nov-14,792289,ODI # 3539,13.30-17.00,"Barabati Stadium, Cuttack",30 °c,33 °c,4 km/h from ESE,9 km/h,0.0 mm,64%,0%,1011 mb,Excellent,https://www.worldweatheronline.com/cricket/barabati-stadium-cuttack-weather-history/in.aspx
6-Nov-14,792291,ODI # 3540,17.45-21.15,"Sardar Patel (Gujarat) Stadium, Motera, Ahmedabad",29 °c,30 °c,6 km/h from NW,13 km/h,0.0 mm,43%,0%,1012 mb,Excellent,https://www.worldweatheronline.com/cricket/sardar-patel-stadium-motera-ahmedabad-weather-history/in.aspx
9-Nov-14,792293,ODI # 3543,17.45-21.15,"Rajiv Gandhi International Stadium, Uppal, Hyderabad",23 °c,25 °c,9 km/h from NE,16 km/h,0.0 mm,58%,27%,1013 mb,Excellent,https://www.worldweatheronline.com/cricket/rajiv-gandhi-international-stadium-hyderabad-weather-history/in.aspx
13-Nov-14,792295,ODI # 3544,13.30-17.00,"Eden Gardens, Kolkata",29 °c,29 °c,10 km/h from NW,16 km/h,0.0 mm,42%,0%,1013 mb,Excellent,https://www.worldweatheronline.com/cricket/eden-gardens-kolkata-weather-history/in.aspx
16-Nov-14,792297,ODI # 3547,17.45-21.15,"JSCA International Stadium Complex, Ranchi",17 °c,17 °c,10 km/h from NW,20 km/h,0.0 mm,43%,17%,1014 mb,Excellent,
26-Nov-14,750663,ODI # 3554,18.45-22.15,"R.Premadasa Stadium, Khettarama, Colombo",26 °c,29 °c,24 km/h from NNE,40 km/h,2.8 mm,86%,26%,1008 mb,Good,
29-Nov-14,750665,ODI # 3557,10.00-13.30,"R.Premadasa Stadium, Khettarama, Colombo",29 °c,33 °c,23 km/h from NNW,27 km/h,0.0 mm,67%,61%,1011 mb,Excellent,
3-Dec-14,750667,ODI # 3561,18.45-22.15,"Mahinda Rajapaksa International Cricket Stadium, Sooriyawewa, Hambantota",25 °c,28 °c,15 km/h from NNE,24 km/h,0.0 mm,86%,35%,1012 mb,Excellent,
7-Dec-14,750669,ODI # 3563,10.00-13.30,"R.Premadasa Stadium, Khettarama, Colombo",30 °c,36 °c,6 km/h from NNW,7 km/h,0.0 mm,65%,40%,1011 mb,Excellent,
10-Dec-14,750671,ODI # 3565,18.45-22.15,Pallekele International Cricket Stadium,22 °c,22 °c,3 km/h from ENE,5 km/h,0.0 mm,93%,37%,1012 mb,Excellent,
13-Dec-14,750673,ODI # 3567,14.15-17.45,Pallekele International Cricket Stadium,24 °c,26 °c,6 km/h from NE,10 km/h,0.0 mm,86%,64%,1011 mb,Excellent,
16-Dec-14,750675,ODI # 3569,18.45-22.15,"R.Premadasa Stadium, Khettarama, Colombo",26 °c,30 °c,2 km/h from NW,3 km/h,0.2 mm,86%,25%,1012 mb,Excellent,
11-Jan-15,749781,ODI # 3574,15.15-18.45,"Hagley Oval, Christchurch",25 °c,25 °c,5 km/h from SE,8 km/h,0.0 mm,36%,22%,1010 mb,Excellent,https://www.worldweatheronline.com/cricket/hagley-oval-weather-history/nz.aspx
15-Jan-15,749783,ODI # 3577,14.00-17.30,"Seddon Park, Hamilton",27 °c,28 °c,2 km/h from NNW,2 km/h,0.3 mm,52%,44%,1009 mb,Excellent,https://www.worldweatheronline.com/cricket/seddon-park-hamilton-weather-history/nz.aspx
17-Jan-15,749785,ODI # 3580,14.00-17.30,"Eden Park, Auckland",22 °c,22 °c,17 km/h from NNW,23 km/h,0.9 mm,76%,99%,1007 mb,Excellent,https://www.worldweatheronline.com/cricket/eden-park-auckland-weather-history/nz.aspx
20-Jan-15,749787,ODI # 3585,15.15-18.45,"Saxton Oval, Nelson",22 °c,24 °c,16 km/h from NNW,19 km/h,0.0 mm,37%,4%,1015 mb,Excellent,
23-Jan-15,749789,ODI # 3588,11.00-14.30,"University Oval, Dunedin",17 °c,17 °c,13 km/h from ENE,17 km/h,0.0 mm,73%,39%,1019 mb,Excellent,https://www.worldweatheronline.com/cricket/university-oval-dunedin-weather-history/nz.aspx
25-Jan-15,749791,ODI # 3590,11.00-14.30,"University Oval, Dunedin",18 °c,18 °c,15 km/h from NE,21 km/h,0.0 mm,80%,0%,1019 mb,Excellent,https://www.worldweatheronline.com/cricket/university-oval-dunedin-weather-history/nz.aspx
29-Jan-15,749793,ODI # 3594,18.15-21.45,"Westpac Stadium, Wellington",20 °c,20 °c,23 km/h from SSE,34 km/h,0.0 mm,85%,4%,1013 mb,Excellent,
14-Feb-15,656399,ODI # 3599,11.00-14.30,"Hagley Oval, Christchurch",14 °c,12 °c,20 km/h from SSW,23 km/h,0.3 mm,61%,79%,1029 mb,Excellent,
22-Feb-15,656421,ODI # 3609,11.00-14.30,"University Oval, Dunedin",15 °c,14 °c,12 km/h from ESE,16 km/h,0.1 mm,85%,60%,1025 mb,Excellent,https://www.worldweatheronline.com/cricket/university-oval-dunedin-weather-history/nz.aspx
26-Feb-15,656433,ODI # 3615,18.45-22.15,Melbourne Cricket Ground,19 °c,19 °c,11 km/h from S,16 km/h,0.0 mm,76%,29%,1010 mb,Excellent,
1-Mar-15,656441,ODI # 3619,11.00-14.30,"Westpac Stadium, Wellington",16 °c,16 °c,31 km/h from N,39 km/h,0.0 mm,81%,34%,1030 mb,Excellent,
8-Mar-15,656461,ODI # 3629,14.30-18.00,Sydney Cricket Ground,26 °c,28 °c,18 km/h from SSE,20 km/h,0.3 mm,65%,14%,1008 mb,Excellent,
11-Mar-15,656467,ODI # 3632,18.45-22.15,"Bellerive Oval, Hobart",15 °c,15 °c,9 km/h from SSE,17 km/h,0.2 mm,87%,74%,1019 mb,Good,
18-Mar-15,656483,ODI # 3640,18.45-22.15,Sydney Cricket Ground,22 °c,22 °c,18 km/h from E,30 km/h,0.2 mm,71%,73%,1017 mb,Excellent,
11-Jul-15,860269,ODI # 3664,14.15-17.45,Rangiri Dambulla International Stadium,28 °c,32 °c,3 km/h from NNW,7 km/h,9.8 mm,82%,65%,1010 mb,Average,
15-Jul-15,860271,ODI # 3669,14.30-18.00,Pallekele International Cricket Stadium,25 °c,27 °c,21 km/h from SW,25 km/h,0.7 mm,76%,27%,1005 mb,Excellent,
19-Jul-15,860273,ODI # 3670,14.30-18.00,"R.Premadasa Stadium, Khettarama, Colombo",27 °c,31 °c,20 km/h from W,32 km/h,3.9 mm,85%,92%,1008 mb,Good,
22-Jul-15,860275,ODI # 3671,18.45-22.15,"R.Premadasa Stadium, Khettarama, Colombo",26 °c,29 °c,12 km/h from SW,25 km/h,8.9 mm,91%,36%,1010 mb,Average,
26-Jul-15,860277,ODI # 3672,18.45-22.15,"Mahinda Rajapaksa International Cricket Stadium, Sooriyawewa, Hambantota",27 °c,30 °c,19 km/h from WSW,29 km/h,0.0 mm,78%,12%,1012 mb,Excellent,
1-Nov-15,915777,ODI # 3701,14.30-18.00,"R.Premadasa Stadium, Khettarama, Colombo",28 °c,32 °c,12 km/h from SSW,19 km/h,0.0 mm,79%,32%,1010 mb,Excellent,
4-Nov-15,915779,ODI # 3702,14.30-18.00,"R.Premadasa Stadium, Khettarama, Colombo",28 °c,34 °c,6 km/h from W,9 km/h,8.6 mm,85%,25%,1010 mb,Average,
7-Nov-15,915781,ODI # 3704,14.30-18.00,Pallekele International Cricket Stadium,25 °c,27 °c,3 km/h from WNW,4 km/h,17.6 mm,91%,65%,1009 mb,Average,
26-Dec-15,914207,ODI # 3714,15.15-18.45,"Hagley Oval, Christchurch",21 °c,21 °c,19 km/h from ENE,22 km/h,0.0 mm,56%,4%,1022 mb,Excellent,
28-Dec-15,914209,ODI # 3715,15.15-18.45,"Hagley Oval, Christchurch",19 °c,19 °c,28 km/h from ENE,32 km/h,0.0 mm,64%,2%,1013 mb,Excellent,
31-Dec-15,914211,ODI # 3717,11.00-14.30,"Saxton Oval, Nelson",19 °c,19 °c,12 km/h from ENE,13 km/h,0.0 mm,58%,41%,1021 mb,Excellent,
2-Jan-16,914213,ODI # 3718,11.00-14.30,"Saxton Oval, Nelson",17 °c,17 °c,5 km/h from E,7 km/h,26.9 mm,97%,100%,1012 mb,Good,
5-Jan-16,914215,ODI # 3721,11.00-14.30,"Bay Oval, Mount Maunganui",19 °c,19 °c,14 km/h from SW,18 km/h,0.1 mm,59%,81%,1011 mb,Excellent,
16-Jun-16,913619,ODI # 3748,15.00-18.30,"The Village, Malahide, Dublin",,,,,,,,,,
18-Jun-16,913621,ODI # 3749,15.00-18.30,"The Village, Malahide, Dublin",,,,,,,,,,
21-Jun-16,913623,ODI # 3751,18.15-21.45,"Trent Bridge, Nottingham",18 °c,18 °c,13 km/h from SW,19 km/h,0.0 mm,82%,36%,1016 mb,Excellent,
24-Jun-16,913625,ODI # 3753,18.15-21.45,"Edgbaston, Birmingham",16 °c,16 °c,13 km/h from WSW,19 km/h,1.5 mm,83%,41%,1015 mb,Excellent,
26-Jun-16,913627,ODI # 3755,14.45-18.15,"County Ground, Bristol",15 °c,13 °c,20 km/h from WSW,29 km/h,0.7 mm,89%,100%,1018 mb,Poor,
29-Jun-16,913629,ODI # 3757,17.15-20.45,"Kennington Oval, London",15 °c,13 °c,24 km/h from SSW,37 km/h,0.0 mm,90%,100%,1008 mb,Excellent,
2-Jul-16,913631,ODI # 3758,10.30-14.00,"Sophia Gardens, Cardiff",15 °c,15 °c,31 km/h from WSW,38 km/h,0.0 mm,74%,23%,1014 mb,Excellent,
21-Aug-16,995457,ODI # 3768,18:45-22:15,"R.Premadasa Stadium, Khettarama, Colombo",27 °c,31 °c,10 km/h from WSW,14 km/h,0.0 mm,90%,89%,1008 mb,Excellent,
24-Aug-16,995459,ODI # 3769,18:45-22:15,"R.Premadasa Stadium, Khettarama, Colombo",26 °c,30 °c,13 km/h from SW,22 km/h,3.0 mm,90%,63%,1009 mb,Good,
28-Aug-16,995461,ODI # 3772,18:45-22:15,Rangiri Dambulla International Stadium,24 °c,27 °c,4 km/h from WSW,8 km/h,8.7 mm,97%,31%,1010 mb,Average,
31-Aug-16,995463,ODI # 3774,18:45-22:15,Rangiri Dambulla International Stadium,24 °c,26 °c,7 km/h from SW,13 km/h,0.0 mm,93%,65%,1011 mb,Excellent,
4-Sep-16,995465,ODI # 3776,18:45-22:15,Pallekele International Cricket Stadium,23 °c,26 °c,11 km/h from SW,17 km/h,0.3 mm,84%,27%,1012 mb,Excellent,
14-Nov-16,1059710,ODI # 3804,9.30-13.00,Harare Sports Club,30 °c,29 °c,14 km/h from E,17 km/h,0.0 mm,28%,26%,1013 mb,Excellent,
16-Nov-16,1059711,ODI # 3805,9.30-13.00,Harare Sports Club,25 °c,26 °c,15 km/h from NE,20 km/h,0.8 mm,43%,40%,1015 mb,Excellent,
21-Nov-16,1059713,ODI # 3807,9.30-13.00,"Queens Sports Club, Bulawayo",28 °c,28 °c,9 km/h from NE,10 km/h,1.0 mm,40%,20%,1014 mb,Excellent,
23-Nov-16,1059714,ODI # 3808,13.45-17.15,"Queens Sports Club, Bulawayo",30 °c,28 °c,21 km/h from ESE,24 km/h,0.0 mm,22%,6%,1011 mb,Excellent,
27-Nov-16,1059716,ODI # 3810,9.30-13.00,"Queens Sports Club, Bulawayo",21 °c,21 °c,26 km/h from ESE,30 km/h,0.3 mm,62%,46%,1016 mb,Excellent,
28-Jan-17,936159,ODI # 3828,14.15-17.45,"St George's Park, Port Elizabeth",22 °c,25 °c,55 km/h from WSW,63 km/h,0.0 mm,64%,18%,1010 mb,Excellent,
1-Feb-17,936161,ODI # 3830,13.30-17.00,"Kingsmead, Durban",28 °c,31 °c,19 km/h from ENE,26 km/h,0.0 mm,63%,1%,1011 mb,Excellent,
4-Feb-17,936163,ODI # 3831,17.45-21.15,"The Wanderers Stadium, Johannesburg",19 °c,19 °c,5 km/h from W,10 km/h,0.3 mm,81%,12%,1012 mb,Excellent,
7-Feb-17,936165,ODI # 3833,13.30-17.00,"Newlands, Cape Town",23 °c,25 °c,24 km/h from S,27 km/h,0.0 mm,60%,0%,1014 mb,Excellent,
10-Feb-17,936167,ODI # 3834,13.30-17.00,"SuperSport Park, Centurion",28 °c,28 °c,6 km/h from NNE,7 km/h,0.3 mm,46%,47%,1013 mb,Excellent,
25-Mar-17,1083446,ODI # 3855,14:30-18:00,Rangiri Dambulla International Stadium,31 °c,32 °c,5 km/h from NNE,8 km/h,0.0 mm,46%,45%,1010 mb,Excellent,
28-Mar-17,1083447,ODI # 3856,18:45-22:15,Rangiri Dambulla International Stadium,28 °c,30 °c,5 km/h from SSW,8 km/h,0.1 mm,55%,46%,1009 mb,Excellent,
1-Apr-17,1083448,ODI # 3858,14.15-17.45,"Sinhalese Sports Club Ground, Colombo",29 °c,34 °c,10 km/h from WSW,14 km/h,3.0 mm,73%,32%,1010 mb,Good,
3-Jun-17,1022351,ODI # 3877,10:30-14:00,"Kennington Oval, London",18 °c,18 °c,15 km/h from W,18 km/h,0.0 mm,63%,13%,1015 mb,Excellent,
8-Jun-17,1022361,ODI # 3882,10:30-14:00,"Kennington Oval, London",17 °c,17 °c,30 km/h from SSW,37 km/h,0.0 mm,77%,100%,1010 mb,Excellent,
12-Jun-17,1022369,ODI # 3888,14:45-18:15,"Sophia Gardens, Cardiff",15 °c,15 °c,31 km/h from W,40 km/h,0.0 mm,78%,43%,1019 mb,Excellent,
30-Jun-17,1104478,ODI # 3897,14.00-17.30,Galle International Stadium,28 °c,32 °c,21 km/h from WNW,28 km/h,0.4 mm,79%,47%,1007 mb,Excellent,
2-Jul-17,1104479,ODI # 3899,09.45-13.15,Galle International Stadium,29 °c,35 °c,21 km/h from W,26 km/h,0.0 mm,75%,47%,1010 mb,Excellent,
6-Jul-17,1104480,ODI # 3901,09.45-13.15,"Mahinda Rajapaksa International Cricket Stadium, Sooriyawewa, Hambantota",31 °c,36 °c,34 km/h from WSW,43 km/h,0.0 mm,62%,4%,1008 mb,Excellent,
8-Jul-17,1104481,ODI # 3903,14.00-17.30,"Mahinda Rajapaksa International Cricket Stadium, Sooriyawewa, Hambantota",28 °c,31 °c,26 km/h from WSW,37 km/h,0.0 mm,75%,34%,1010 mb,Excellent,
10-Jul-17,1104482,ODI # 3904,14.00-17.30,"Mahinda Rajapaksa International Cricket Stadium, Sooriyawewa, Hambantota",28 °c,31 °c,28 km/h from W,42 km/h,0.0 mm,75%,5%,1010 mb,Excellent,
20-Aug-17,1109605,ODI # 3905,18:45-22:15,Rangiri Dambulla International Stadium,24 °c,26 °c,6 km/h from SSW,11 km/h,2.2 mm,93%,44%,1010 mb,Excellent,
24-Aug-17,1109606,ODI # 3906,18:45-22:15,Pallekele International Cricket Stadium,24 °c,26 °c,4 km/h from SSW,6 km/h,0.2 mm,86%,34%,1008 mb,Excellent,
27-Aug-17,1109607,ODI # 3907,18:45-22:15,Pallekele International Cricket Stadium,23 °c,25 °c,9 km/h from SW,14 km/h,0.0 mm,83%,15%,1007 mb,Excellent,
31-Aug-17,1109608,ODI # 3908,14:30-18:00,"R.Premadasa Stadium, Khettarama, Colombo",29 °c,34 °c,9 km/h from W,12 km/h,0.3 mm,82%,62%,1007 mb,Excellent,
3-Sep-17,1109609,ODI # 3909,18:45-22:15,"R.Premadasa Stadium, Khettarama, Colombo",27 °c,31 °c,7 km/h from SW,10 km/h,0.7 mm,91%,57%,1010 mb,Excellent,
13-Oct-17,1120286,ODI # 3922,16:30-18.38,Dubai International Cricket Stadium,34 °c,39 °c,14 km/h from WNW,19 km/h,0.0 mm,49%,0%,1005 mb,Excellent,
16-Oct-17,1120287,ODI # 3924,14:58-18:34,"Sheikh Zayed Stadium, Abu Dhabi",34 °c,37 °c,16 km/h from NW,22 km/h,0.0 mm,43%,0%,1007 mb,Excellent,
18-Oct-17,1120288,ODI # 3926,19:25-22:40,"Sheikh Zayed Stadium, Abu Dhabi",30 °c,36 °c,12 km/h from N,19 km/h,0.0 mm,71%,0%,1010 mb,Excellent,
20-Oct-17,1120289,ODI # 3927,17:50-20:30,Sharjah Cricket Stadium,30 °c,32 °c,10 km/h from NW,20 km/h,0.0 mm,55%,0%,1010 mb,Excellent,
23-Oct-17,1120290,ODI # 3930,16:15-17:35,Sharjah Cricket Stadium,32 °c,37 °c,14 km/h from WNW,20 km/h,0.0 mm,54%,0%,1009 mb,Excellent,
10-Dec-17,1122726,ODI # 3939,11.30-15.00,"Himachal Pradesh Cricket Association Stadium, Dharamsala",25 °c,24 °c,5 km/h from WSW,6 km/h,0.0 mm,12%,97%,1017 mb,Excellent,
13-Dec-17,1122727,ODI # 3941,11.30-15.00,"Punjab Cricket Association IS Bindra Stadium, Mohali, Chandigarh",19 °c,19 °c,5 km/h from SW,6 km/h,0.3 mm,57%,15%,1019 mb,Excellent,
17-Dec-17,1122728,ODI # 3942,17.45-21.15,"Dr. Y.S. Rajasekhara Reddy ACA-VDCA Cricket Stadium, Visakhapatnam",25 °c,26 °c,11 km/h from ENE,17 km/h,0.0 mm,65%,0%,1018 mb,Excellent,
17-Jan-18,1130738,ODI # 3955,12.00-15.30,"Shere Bangla National Stadium, Mirpur, Dhaka",27 °c,27 °c,4 km/h from W,5 km/h,0.0 mm,40%,0%,1015 mb,Excellent,
19-Jan-18,1130739,ODI # 3959,12.00-15.30,"Shere Bangla National Stadium, Mirpur, Dhaka",28 °c,27 °c,8 km/h from NW,9 km/h,0.0 mm,38%,0%,1015 mb,Excellent,
21-Jan-18,1130740,ODI # 3962,12.00-15.30,"Shere Bangla National Stadium, Mirpur, Dhaka",27 °c,27 °c,9 km/h from WNW,11 km/h,0.0 mm,39%,0%,1014 mb,Excellent,
25-Jan-18,1130742,ODI # 3965,12.00-15.30,"Shere Bangla National Stadium, Mirpur, Dhaka",27 °c,26 °c,9 km/h from NNW,11 km/h,0.0 mm,36%,2%,1011 mb,Excellent,
27-Jan-18,1130743,ODI # 3967,16.15-19.45,"Shere Bangla National Stadium, Mirpur, Dhaka",25 °c,25 °c,15 km/h from WNW,17 km/h,0.0 mm,30%,3%,1011 mb,Excellent,
29-Jul-18,1142584,ODI # 4025,13:00-16:00,Rangiri Dambulla International Stadium,27 °c,30 °c,9 km/h from S,11 km/h,10.0 mm,86%,83%,1011 mb,Average,
1-Aug-18,1142585,ODI # 4027,18:49-21:56,Rangiri Dambulla International Stadium,25 °c,28 °c,3 km/h from S,6 km/h,3.1 mm,88%,59%,1010 mb,Good,
5-Aug-18,1142586,ODI # 4029,10:00-13:46,Pallekele International Cricket Stadium,27 °c,29 °c,10 km/h from WSW,12 km/h,0.7 mm,68%,14%,1011 mb,Excellent,
8-Aug-18,1142587,ODI # 4030,20:33-23:50,Pallekele International Cricket Stadium,22 °c,22 °c,7 km/h from SW,11 km/h,0.0 mm,87%,35%,1011 mb,Excellent,
12-Aug-18,1142588,ODI # 4031,18:45-20:38,"R.Premadasa Stadium, Khettarama, Colombo",26 °c,30 °c,16 km/h from WSW,26 km/h,0.2 mm,88%,74%,1010 mb,Excellent,
15-Sep-18,1153243,ODI # 4036,15.30-19.00,Dubai International Cricket Stadium,38 °c,46 °c,14 km/h from N,21 km/h,0.0 mm,41%,0%,1004 mb,Excellent,
17-Sep-18,1153245,ODI # 4038,15.30-19.00,"Sheikh Zayed Stadium, Abu Dhabi",39 °c,44 °c,6 km/h from NNW,10 km/h,0.0 mm,38%,0%,1002 mb,Excellent,
10-Oct-18,1140379,ODI # 4052,14:30-15:30,Rangiri Dambulla International Stadium,28 °c,31 °c,15 km/h from SSW,18 km/h,8.8 mm,72%,27%,1011 mb,Average,
13-Oct-18,1140380,ODI # 4053,09:45-13:15,Rangiri Dambulla International Stadium,24 °c,26 °c,14 km/h from WSW,19 km/h,0.5 mm,89%,93%,1014 mb,Excellent,
17-Oct-18,1140381,ODI # 4054,22:05-22:34,Pallekele International Cricket Stadium,22 °c,25 °c,3 km/h from SSW,5 km/h,6.1 mm,91%,40%,1013 mb,Good,
20-Oct-18,1140382,ODI # 4055,14:00-17:30,Pallekele International Cricket Stadium,24 °c,26 °c,3 km/h from W,4 km/h,12.6 mm,92%,46%,1011 mb,Average,
23-Oct-18,1140383,ODI # 4058,19:00-20:55,"R.Premadasa Stadium, Khettarama, Colombo",27 °c,31 °c,9 km/h from N,14 km/h,1.1 mm,87%,40%,1012 mb,Excellent,
3-Jan-19,1153840,ODI # 4074,14.00-17.30,"Bay Oval, Mount Maunganui",25 °c,26 °c,17 km/h from ENE,20 km/h,0.0 mm,53%,6%,1010 mb,Excellent,
5-Jan-19,1153841,ODI # 4075,14.00-17.30,"Bay Oval, Mount Maunganui",19 °c,19 °c,19 km/h from W,22 km/h,0.0 mm,45%,25%,1009 mb,Excellent,
8-Jan-19,1153842,ODI # 4076,11.00-14.30,"Saxton Oval, Nelson",26 °c,26 °c,7 km/h from NNW,8 km/h,0.0 mm,38%,0%,1017 mb,Excellent,
3-Mar-19,1144167,ODI # 4104,14:00-17:03,"The Wanderers Stadium, Johannesburg",33 °c,31 °c,16 km/h from NW,19 km/h,0.0 mm,19%,0%,1008 mb,Excellent,
6-Mar-19,1144168,ODI # 4107,13:00-16:27,"SuperSport Park, Centurion",31 °c,30 °c,7 km/h from NNE,8 km/h,0.0 mm,31%,22%,1015 mb,Excellent,
10-Mar-19,1144169,ODI # 4112,10:00-13:40,"Kingsmead, Durban",25 °c,27 °c,12 km/h from SSW,15 km/h,0.2 mm,77%,63%,1019 mb,Excellent,
13-Mar-19,1144170,ODI # 4114,16:50-19:08,"St George's Park, Port Elizabeth",22 °c,25 °c,21 km/h from SSW,26 km/h,0.0 mm,71%,6%,1014 mb,Excellent,
16-Mar-19,1144171,ODI # 4115,17:15-19:15,"Newlands, Cape Town",23 °c,25 °c,8 km/h from SW,9 km/h,0.0 mm,74%,6%,1011 mb,Excellent,
21-May-19,1169332,ODI # 4142,15.15-18.45,"Grange Cricket Club, Raeburn Place, Edinburgh",15 °c,14 °c,2 km/h from SSW,3 km/h,1.3 mm,67%,13%,1018 mb,Excellent,
1-Jun-19,1144485,ODI # 4145,14.45-18.15,"Sophia Gardens, Cardiff",20 °c,20 °c,20 km/h from S,30 km/h,0.0 mm,72%,50%,1017 mb,Excellent,
4-Jun-19,1144489,ODI # 4149,14.30-18.00,"Sophia Gardens, Cardiff",15 °c,15 °c,19 km/h from SSW,23 km/h,0.9 mm,83%,51%,1001 mb,Excellent,
15-Jun-19,1144502,ODI # 4159,10.30-14.00,"Kennington Oval, London",20 °c,20 °c,22 km/h from SSW,26 km/h,0.0 mm,48%,27%,1013 mb,Excellent,
21-Jun-19,1144509,ODI # 4168,14.30-18.00,"Headingley, Leeds",16 °c,16 °c,16 km/h from WNW,18 km/h,0.0 mm,57%,4%,1019 mb,Excellent,
28-Jun-19,1144517,ODI # 4176,14.30-18.00,"Riverside Ground, Chester-le-Street",19 °c,19 °c,16 km/h from ESE,18 km/h,0.0 mm,71%,7%,1025 mb,Excellent,
1-Jul-19,1144521,ODI # 4180,14.30-18.00,"Riverside Ground, Chester-le-Street",19 °c,19 °c,26 km/h from WNW,30 km/h,0.6 mm,60%,28%,1018 mb,Excellent,
6-Jul-19,1144526,ODI # 4187,14.30-18.00,"Headingley, Leeds",19 °c,19 °c,6 km/h from NW,6 km/h,0.0 mm,55%,13%,1014 mb,Excellent,
26-Jul-19,1193504,ODI # 4193,19:05-22:38,"R.Premadasa Stadium, Khettarama, Colombo",26 °c,30 °c,13 km/h from SW,18 km/h,0.0 mm,88%,49%,1010 mb,Excellent,
28-Jul-19,1193505,ODI # 4194,14:30-18:13,"R.Premadasa Stadium, Khettarama, Colombo",28 °c,32 °c,15 km/h from WSW,18 km/h,0.0 mm,77%,44%,1008 mb,Excellent,
31-Jul-19,1193506,ODI # 4195,18:40-21:25,"R.Premadasa Stadium, Khettarama, Colombo",27 °c,32 °c,13 km/h from SW,17 km/h,0.0 mm,87%,43%,1011 mb,Excellent,
30-Sep-19,1198487,ODI # 4211,15.00-18.30,"National Stadium, Karachi",31 °c,37 °c,31 km/h from WSW,36 km/h,0.0 mm,65%,9%,1006 mb,Excellent,
2-Oct-19,1198488,ODI # 4212,19.15-22.45,"National Stadium, Karachi",28 °c,33 °c,29 km/h from WSW,36 km/h,0.0 mm,78%,56%,1010 mb,Excellent,